id,created_at,source,original_text,clean_text,sentiment,polarity,subjectivity,lang,favorite_count,retweet_count,original_author,possibly_sensitive,hashtags,user_mentions,place,place_coord_boundaries
1235747278524239877,Fri Mar 06 02:01:24 +0000 2020,"<a href=""http://twitter.com/download/android"" rel=""nofollow"">Twitter for Android</a>",RT @JuventusFCWomen: All the best to @10Andis as she takes on Finland in the #CyprusCup. Good luck! 💪 https://t.co/ibOyY5BT30,RT JuventusFCWomen All best 10Andis takes Finland CyprusCup Good luck 💪 https //t.co/ibOyY5BT30,"Sentiment(polarity=0.85, subjectivity=0.45000000000000007)",0.85,0.45000000000000007,en,0,44,UgoBaroni,False,CyprusCup,"JuventusFCWomen, 10Andis","Lucca, Toscana - Tuscany - Ita",
1235704334060527617,Thu Mar 05 23:10:46 +0000 2020,"<a href=""http://twitter.com/download/android"" rel=""nofollow"">Twitter for Android</a>",RT @JuventusFCWomen: All the best to @10Andis as she takes on Finland in the #CyprusCup. Good luck! 💪 https://t.co/ibOyY5BT30,RT JuventusFCWomen All best 10Andis takes Finland CyprusCup Good luck 💪 https //t.co/ibOyY5BT30,"Sentiment(polarity=0.85, subjectivity=0.45000000000000007)",0.85,0.45000000000000007,en,0,44,KPOPER_Nelyy25,False,CyprusCup,"JuventusFCWomen, 10Andis",,
1235689949002792960,Thu Mar 05 22:13:36 +0000 2020,"<a href=""http://twitter.com/download/iphone"" rel=""nofollow"">Twitter for iPhone</a>",RT @JuventusFCWomen: All the best to @10Andis as she takes on Finland in the #CyprusCup. Good luck! 💪 https://t.co/ibOyY5BT30,RT JuventusFCWomen All best 10Andis takes Finland CyprusCup Good luck 💪 https //t.co/ibOyY5BT30,"Sentiment(polarity=0.85, subjectivity=0.45000000000000007)",0.85,0.45000000000000007,en,0,44,punkcr,False,CyprusCup,"JuventusFCWomen, 10Andis",,
1235684591182241793,Thu Mar 05 21:52:19 +0000 2020,"<a href=""http://twitter.com/#!/download/ipad"" rel=""nofollow"">Twitter for iPad</a>","RT @FIFAWWC: #AlgarveCup ☑️
#CyprusCup ☑️
#SheBelievesCup ☑️
#PinatarCup ☑️
#TournoiDeFrance ☑️
#TurkishWomensCup ☑️

It's all happening in…",RT FIFAWWC AlgarveCup ☑️ CyprusCup ☑️ SheBelievesCup ☑️ PinatarCup ☑️ TournoiDeFrance ☑️ TurkishWomensCup ☑️ It 's happening in…,"Sentiment(polarity=0.0, subjectivity=0.0)",0.0,0.0,en,0,79,minty83,,"AlgarveCup, CyprusCup, SheBelievesCup, PinatarCup, TournoiDeFrance, TurkishWomensCup",FIFAWWC,In and around Planet @KRCSC,
1235681428718960641,Thu Mar 05 21:39:45 +0000 2020,"<a href=""http://twitter.com/download/iphone"" rel=""nofollow"">Twitter for iPhone</a>",RT @JuventusFCWomen: All the best to @10Andis as she takes on Finland in the #CyprusCup. Good luck! 💪 https://t.co/ibOyY5BT30,RT JuventusFCWomen All best 10Andis takes Finland CyprusCup Good luck 💪 https //t.co/ibOyY5BT30,"Sentiment(polarity=0.85, subjectivity=0.45000000000000007)",0.85,0.45000000000000007,en,0,44,Mythos1981,False,CyprusCup,"JuventusFCWomen, 10Andis",Rome Italy,
1235677952689532937,Thu Mar 05 21:25:56 +0000 2020,"<a href=""http://twitter.com/download/iphone"" rel=""nofollow"">Twitter for iPhone</a>",RT @JuventusFCWomen: All the best to @10Andis as she takes on Finland in the #CyprusCup. Good luck! 💪 https://t.co/ibOyY5BT30,RT JuventusFCWomen All best 10Andis takes Finland CyprusCup Good luck 💪 https //t.co/ibOyY5BT30,"Sentiment(polarity=0.85, subjectivity=0.45000000000000007)",0.85,0.45000000000000007,en,0,44,PesceFrancesco1,False,CyprusCup,"JuventusFCWomen, 10Andis","Rosarno, Calabria",
1235663958645911554,Thu Mar 05 20:30:19 +0000 2020,"<a href=""https://mobile.twitter.com"" rel=""nofollow"">Twitter Web App</a>","And the line up for Mexico @miseleccionmx  vs Croatia, a game that was also played today at the GSZ Stadium… https://t.co/8fT5xZPefn",And line Mexico miseleccionmx vs Croatia game also played today GSZ Stadium… https //t.co/8fT5xZPefn,"Sentiment(polarity=-0.4, subjectivity=0.4)",-0.4,0.4,en,0,0,LarnakaRegion,False,,miseleccionmx,Larnaka. Cyprus,
1235662613729685510,Thu Mar 05 20:24:59 +0000 2020,"<a href=""https://mobile.twitter.com"" rel=""nofollow"">Twitter Web App</a>","#CzechRepublic vs #Finland | After a draw with Finland 1: 1, the women's coach evaluates the match @ceskarepre_cz… https://t.co/l1mJxGmRqj",CzechRepublic vs Finland After draw Finland 1 1 women 's coach evaluates match ceskarepre_cz… https //t.co/l1mJxGmRqj,"Sentiment(polarity=0.0, subjectivity=0.0)",0.0,0.0,en,0,0,LarnakaRegion,False,"CzechRepublic, Finland",ceskarepre_cz,Larnaka. Cyprus,
1235661685467332618,Thu Mar 05 20:21:17 +0000 2020,"<a href=""https://mobile.twitter.com"" rel=""nofollow"">Twitter Web App</a>","@zenyfotbal @ceskarepre_cz @HelmaritFI here's to your next match on Wednesday 11 March with Mexico
#cypruscup
#Larnaka",zenyfotbal ceskarepre_cz HelmaritFI 's next match Wednesday 11 March Mexico cypruscup Larnaka,"Sentiment(polarity=0.0, subjectivity=0.0)",0.0,0.0,en,0,0,LarnakaRegion,,"cypruscup, Larnaka","zenyfotbal, ceskarepre_cz, HelmaritFI",Larnaka. Cyprus,
1235660493567725569,Thu Mar 05 20:16:33 +0000 2020,"<a href=""https://mobile.twitter.com"" rel=""nofollow"">Twitter Web App</a>","RT @homeofmilanlady: @NoraHeroum played the entire 90 minutes for Finland at the #CyprusCup against Czech Republic.

Czech Republic 1-1 Fin…",RT homeofmilanlady NoraHeroum played entire 90 minutes Finland CyprusCup Czech Republic Czech Republic 1-1 Fin…,"Sentiment(polarity=0.0, subjectivity=0.625)",0.0,0.625,en,0,1,LarnakaRegion,,CyprusCup,"homeofmilanlady, NoraHeroum",Larnaka. Cyprus,
1235660076268032002,Thu Mar 05 20:14:54 +0000 2020,"<a href=""https://mobile.twitter.com"" rel=""nofollow"">Twitter Web App</a>","@HelmaritFI @CollinKaisa great goal Kaisa Collin, here's to many more during this year's #cypruscup⚽️👍🎉",HelmaritFI CollinKaisa great goal Kaisa Collin 's many year 's cypruscup⚽️👍🎉,"Sentiment(polarity=0.65, subjectivity=0.625)",0.65,0.625,en,0,0,LarnakaRegion,,cypruscup,"HelmaritFI, CollinKaisa",Larnaka. Cyprus,
1235659893123608576,Thu Mar 05 20:14:10 +0000 2020,"<a href=""http://twitter.com/download/iphone"" rel=""nofollow"">Twitter for iPhone</a>",RT @JuventusFCWomen: All the best to @10Andis as she takes on Finland in the #CyprusCup. Good luck! 💪 https://t.co/ibOyY5BT30,RT JuventusFCWomen All best 10Andis takes Finland CyprusCup Good luck 💪 https //t.co/ibOyY5BT30,"Sentiment(polarity=0.85, subjectivity=0.45000000000000007)",0.85,0.45000000000000007,en,0,44,juventino778,True,CyprusCup,"JuventusFCWomen, 10Andis","New Orleans, LA",
1235659024986763264,Thu Mar 05 20:10:43 +0000 2020,"<a href=""https://mobile.twitter.com"" rel=""nofollow"">Twitter Web App</a>","@EscapeToSuomi Good to have both teams, Finland @HelmaritFI and Czech Republic @zenyfotbal in #Larnaka playing this… https://t.co/OrCKkQIYW2",EscapeToSuomi Good teams Finland HelmaritFI Czech Republic zenyfotbal Larnaka playing this… https //t.co/OrCKkQIYW2,"Sentiment(polarity=0.7, subjectivity=0.6000000000000001)",0.7,0.6000000000000001,en,0,0,LarnakaRegion,,Larnaka,"EscapeToSuomi, HelmaritFI, zenyfotbal",Larnaka. Cyprus,
1235657219875770375,Thu Mar 05 20:03:33 +0000 2020,"<a href=""http://twitter.com/download/android"" rel=""nofollow"">Twitter for Android</a>","RT @LarnakaRegion: In his first game of the #CyprusCup @cypruswomenscup, Mexico drew with Croatia. Mexico's goal @miseleccionmx arrived at…",RT LarnakaRegion In first game CyprusCup cypruswomenscup Mexico drew Croatia Mexico 's goal miseleccionmx arrived at…,"Sentiment(polarity=-0.07500000000000001, subjectivity=0.3666666666666667)",-0.07500000000000001,0.3666666666666667,en,0,1,Apoyoaltrifeem,,CyprusCup,"LarnakaRegion, cypruswomenscup, miseleccionmx",,
1235656966707580928,Thu Mar 05 20:02:32 +0000 2020,"<a href=""https://mobile.twitter.com"" rel=""nofollow"">Twitter Web App</a>","In his first game of the #CyprusCup @cypruswomenscup, Mexico drew with Croatia. Mexico's goal @miseleccionmx arrive… https://t.co/FGGWyIGNxy",In first game CyprusCup cypruswomenscup Mexico drew Croatia Mexico 's goal miseleccionmx arrive… https //t.co/FGGWyIGNxy,"Sentiment(polarity=-0.07500000000000001, subjectivity=0.3666666666666667)",-0.07500000000000001,0.3666666666666667,en,3,1,LarnakaRegion,False,CyprusCup,"cypruswomenscup, miseleccionmx",Larnaka. Cyprus,
1235654939168223232,Thu Mar 05 19:54:29 +0000 2020,"<a href=""https://mobile.twitter.com"" rel=""nofollow"">Twitter Web App</a>","Helmarit, the Finnish team opened the #CyprusCup  against Czech Republic at the AEK Arena - George Karapatakis stad… https://t.co/2AzPi1eRGD",Helmarit Finnish team opened CyprusCup Czech Republic AEK Arena George Karapatakis stad… https //t.co/2AzPi1eRGD,"Sentiment(polarity=0.0, subjectivity=0.0)",0.0,0.0,en,1,0,LarnakaRegion,False,CyprusCup,,Larnaka. Cyprus,
1235654377769185286,Thu Mar 05 19:52:15 +0000 2020,"<a href=""https://mobile.twitter.com"" rel=""nofollow"">Twitter Web App</a>",RT @JuventusFCWomen: Up front for Czech Republic in the #CyprusCup is @10Andis! Go get them! 💪 https://t.co/W8NB4K35gd,RT JuventusFCWomen Up front Czech Republic CyprusCup 10Andis Go get 💪 https //t.co/W8NB4K35gd,"Sentiment(polarity=0.0, subjectivity=0.0)",0.0,0.0,en,0,9,LarnakaRegion,False,CyprusCup,"JuventusFCWomen, 10Andis",Larnaka. Cyprus,
1235654081022050304,Thu Mar 05 19:51:04 +0000 2020,"<a href=""https://mobile.twitter.com"" rel=""nofollow"">Twitter Web App</a>","The Finnish team

#CyprusCup https://t.co/dUrTFeOx85",The Finnish team CyprusCup https //t.co/dUrTFeOx85,"Sentiment(polarity=0.0, subjectivity=0.0)",0.0,0.0,en,2,0,LarnakaRegion,False,CyprusCup,,Larnaka. Cyprus,
1235653366992207873,Thu Mar 05 19:48:14 +0000 2020,"<a href=""https://mobile.twitter.com"" rel=""nofollow"">Twitter Web App</a>",RT @EscapeToSuomi: Finland drew 1-1 with Czech Republic today in the Cyprus Cup. Next match on Sunday v Croatia #helmarit #CyprusCup https:…,RT EscapeToSuomi Finland drew 1-1 Czech Republic today Cyprus Cup Next match Sunday v Croatia helmarit CyprusCup https …,"Sentiment(polarity=0.0, subjectivity=0.0)",0.0,0.0,en,0,1,LarnakaRegion,,"helmarit, CyprusCup",EscapeToSuomi,Larnaka. Cyprus,
1235653288844046336,Thu Mar 05 19:47:56 +0000 2020,"<a href=""http://twitter.com/download/android"" rel=""nofollow"">Twitter for Android</a>","@NoraHeroum played the entire 90 minutes for Finland at the #CyprusCup against Czech Republic.

Czech Republic 1-1… https://t.co/z1RlLxu7s4",NoraHeroum played entire 90 minutes Finland CyprusCup Czech Republic Czech Republic 1-1… https //t.co/z1RlLxu7s4,"Sentiment(polarity=0.0, subjectivity=0.625)",0.0,0.625,en,3,1,homeofmilanlady,False,CyprusCup,NoraHeroum,"Vismara, Milano",
1235653288437170179,Thu Mar 05 19:47:55 +0000 2020,"<a href=""https://mobile.twitter.com"" rel=""nofollow"">Twitter Web App</a>",RT @JuventusFCWomen: All the best to @10Andis as she takes on Finland in the #CyprusCup. Good luck! 💪 https://t.co/ibOyY5BT30,RT JuventusFCWomen All best 10Andis takes Finland CyprusCup Good luck 💪 https //t.co/ibOyY5BT30,"Sentiment(polarity=0.85, subjectivity=0.45000000000000007)",0.85,0.45000000000000007,en,0,44,LarnakaRegion,False,CyprusCup,"JuventusFCWomen, 10Andis",Larnaka. Cyprus,
1235649469061840897,Thu Mar 05 19:32:45 +0000 2020,"<a href=""http://twitter.com"" rel=""nofollow"">Twitter Web Client</a>","RT @amicus_arcane: Nora is starting Finland's match.

Finland also won't be streaming their match either, but you can follow along with it…",RT amicus_arcane Nora starting Finland 's match Finland also wo n't streaming match either follow along it…,"Sentiment(polarity=0.0, subjectivity=0.1)",0.0,0.1,en,0,1,amicus_arcane,,,amicus_arcane,The boundless realm of the supernatural 👻,
1235646595984551936,Thu Mar 05 19:21:20 +0000 2020,"<a href=""http://twitter.com/download/iphone"" rel=""nofollow"">Twitter for iPhone</a>",RT @JuventusFCWomen: All the best to @10Andis as she takes on Finland in the #CyprusCup. Good luck! 💪 https://t.co/ibOyY5BT30,RT JuventusFCWomen All best 10Andis takes Finland CyprusCup Good luck 💪 https //t.co/ibOyY5BT30,"Sentiment(polarity=0.85, subjectivity=0.45000000000000007)",0.85,0.45000000000000007,en,0,44,moggi0almutairi,False,CyprusCup,"JuventusFCWomen, 10Andis","📍📍Turin, Piedmont",
1235639848473681920,Thu Mar 05 18:54:31 +0000 2020,"<a href=""http://twitter.com/download/iphone"" rel=""nofollow"">Twitter for iPhone</a>",RT @JuventusFCWomen: All the best to @10Andis as she takes on Finland in the #CyprusCup. Good luck! 💪 https://t.co/ibOyY5BT30,RT JuventusFCWomen All best 10Andis takes Finland CyprusCup Good luck 💪 https //t.co/ibOyY5BT30,"Sentiment(polarity=0.85, subjectivity=0.45000000000000007)",0.85,0.45000000000000007,en,0,44,macmax22,False,CyprusCup,"JuventusFCWomen, 10Andis",liguria,
1235635203936112640,Thu Mar 05 18:36:04 +0000 2020,"<a href=""http://twitter.com/download/android"" rel=""nofollow"">Twitter for Android</a>",RT @JuventusFCWomen: All the best to @10Andis as she takes on Finland in the #CyprusCup. Good luck! 💪 https://t.co/ibOyY5BT30,RT JuventusFCWomen All best 10Andis takes Finland CyprusCup Good luck 💪 https //t.co/ibOyY5BT30,"Sentiment(polarity=0.85, subjectivity=0.45000000000000007)",0.85,0.45000000000000007,en,0,44,PavelDiallo,False,CyprusCup,"JuventusFCWomen, 10Andis",,
1235615401251397636,Thu Mar 05 17:17:22 +0000 2020,"<a href=""http://twitter.com/download/android"" rel=""nofollow"">Twitter for Android</a>",RT @JuventusFCWomen: All the best to @10Andis as she takes on Finland in the #CyprusCup. Good luck! 💪 https://t.co/ibOyY5BT30,RT JuventusFCWomen All best 10Andis takes Finland CyprusCup Good luck 💪 https //t.co/ibOyY5BT30,"Sentiment(polarity=0.85, subjectivity=0.45000000000000007)",0.85,0.45000000000000007,en,0,44,iamdrino1,False,CyprusCup,"JuventusFCWomen, 10Andis",,
1235610400638398464,Thu Mar 05 16:57:30 +0000 2020,"<a href=""http://twitter.com/download/android"" rel=""nofollow"">Twitter for Android</a>",RT @JuventusFCWomen: All the best to @10Andis as she takes on Finland in the #CyprusCup. Good luck! 💪 https://t.co/ibOyY5BT30,RT JuventusFCWomen All best 10Andis takes Finland CyprusCup Good luck 💪 https //t.co/ibOyY5BT30,"Sentiment(polarity=0.85, subjectivity=0.45000000000000007)",0.85,0.45000000000000007,en,0,44,AVINASH49465394,True,CyprusCup,"JuventusFCWomen, 10Andis",,
1235606612288692227,Thu Mar 05 16:42:27 +0000 2020,"<a href=""https://mobile.twitter.com"" rel=""nofollow"">Twitter Web App</a>",RT @JuventusFCWomen: All the best to @10Andis as she takes on Finland in the #CyprusCup. Good luck! 💪 https://t.co/ibOyY5BT30,RT JuventusFCWomen All best 10Andis takes Finland CyprusCup Good luck 💪 https //t.co/ibOyY5BT30,"Sentiment(polarity=0.85, subjectivity=0.45000000000000007)",0.85,0.45000000000000007,en,0,44,GiodiceMatty_,False,CyprusCup,"JuventusFCWomen, 10Andis","Oria (BR), Apulia, Italy.",
1235604754119692290,Thu Mar 05 16:35:04 +0000 2020,"<a href=""http://twitter.com/download/android"" rel=""nofollow"">Twitter for Android</a>",RT @JuventusFCWomen: Up front for Czech Republic in the #CyprusCup is @10Andis! Go get them! 💪,RT JuventusFCWomen Up front Czech Republic CyprusCup 10Andis Go get 💪,"Sentiment(polarity=0.0, subjectivity=0.0)",0.0,0.0,en,0,9,MattiaGiovi,,CyprusCup,"JuventusFCWomen, 10Andis",Roma,
1235601793863778305,Thu Mar 05 16:23:18 +0000 2020,"<a href=""https://mobile.twitter.com"" rel=""nofollow"">Twitter Web App</a>",RT @JuventusFCWomen: Up front for Czech Republic in the #CyprusCup is @10Andis! Go get them! 💪 https://t.co/W8NB4K35gd,RT JuventusFCWomen Up front Czech Republic CyprusCup 10Andis Go get 💪 https //t.co/W8NB4K35gd,"Sentiment(polarity=0.0, subjectivity=0.0)",0.0,0.0,en,0,9,MarcoOcchiuzzo,False,CyprusCup,"JuventusFCWomen, 10Andis","Cerisano, Calabria",
1235600443335680006,Thu Mar 05 16:17:56 +0000 2020,"<a href=""https://mobile.twitter.com"" rel=""nofollow"">Twitter Web App</a>",RT @JuventusFCWomen: All the best to @10Andis as she takes on Finland in the #CyprusCup. Good luck! 💪 https://t.co/ibOyY5BT30,RT JuventusFCWomen All best 10Andis takes Finland CyprusCup Good luck 💪 https //t.co/ibOyY5BT30,"Sentiment(polarity=0.85, subjectivity=0.45000000000000007)",0.85,0.45000000000000007,en,0,44,MarcoOcchiuzzo,False,CyprusCup,"JuventusFCWomen, 10Andis","Cerisano, Calabria",
1235595542245167104,Thu Mar 05 15:58:28 +0000 2020,"<a href=""http://twitter.com/download/iphone"" rel=""nofollow"">Twitter for iPhone</a>",Finland drew 1-1 with Czech Republic today in the Cyprus Cup. Next match on Sunday v Croatia #helmarit #CyprusCup https://t.co/HLcQtiExyf,Finland drew 1-1 Czech Republic today Cyprus Cup Next match Sunday v Croatia helmarit CyprusCup https //t.co/HLcQtiExyf,"Sentiment(polarity=0.0, subjectivity=0.0)",0.0,0.0,en,3,1,EscapeToSuomi,False,"helmarit, CyprusCup",,SW London/Kuopio,
1235593653164228608,Thu Mar 05 15:50:57 +0000 2020,"<a href=""http://twitter.com/download/android"" rel=""nofollow"">Twitter for Android</a>",RT @JuventusFCWomen: All the best to @10Andis as she takes on Finland in the #CyprusCup. Good luck! 💪 https://t.co/ibOyY5BT30,RT JuventusFCWomen All best 10Andis takes Finland CyprusCup Good luck 💪 https //t.co/ibOyY5BT30,"Sentiment(polarity=0.85, subjectivity=0.45000000000000007)",0.85,0.45000000000000007,en,0,44,juventusfcid,False,CyprusCup,"JuventusFCWomen, 10Andis",Allianz Stadium,
1235592534568710146,Thu Mar 05 15:46:31 +0000 2020,"<a href=""http://twitter.com/download/android"" rel=""nofollow"">Twitter for Android</a>",RT @JuventusFCWomen: All the best to @10Andis as she takes on Finland in the #CyprusCup. Good luck! 💪 https://t.co/ibOyY5BT30,RT JuventusFCWomen All best 10Andis takes Finland CyprusCup Good luck 💪 https //t.co/ibOyY5BT30,"Sentiment(polarity=0.85, subjectivity=0.45000000000000007)",0.85,0.45000000000000007,en,0,44,Fprime86,False,CyprusCup,"JuventusFCWomen, 10Andis",,
1235591609691107333,Thu Mar 05 15:42:50 +0000 2020,"<a href=""http://twitter.com/download/android"" rel=""nofollow"">Twitter for Android</a>",RT @JuventusFCWomen: All the best to @10Andis as she takes on Finland in the #CyprusCup. Good luck! 💪 https://t.co/ibOyY5BT30,RT JuventusFCWomen All best 10Andis takes Finland CyprusCup Good luck 💪 https //t.co/ibOyY5BT30,"Sentiment(polarity=0.85, subjectivity=0.45000000000000007)",0.85,0.45000000000000007,en,0,44,JQdgdlgmUEBIaLa,False,CyprusCup,"JuventusFCWomen, 10Andis",,
1235589719133650944,Thu Mar 05 15:35:19 +0000 2020,"<a href=""http://twitter.com/download/android"" rel=""nofollow"">Twitter for Android</a>",RT @JuventusFCWomen: All the best to @10Andis as she takes on Finland in the #CyprusCup. Good luck! 💪 https://t.co/ibOyY5BT30,RT JuventusFCWomen All best 10Andis takes Finland CyprusCup Good luck 💪 https //t.co/ibOyY5BT30,"Sentiment(polarity=0.85, subjectivity=0.45000000000000007)",0.85,0.45000000000000007,en,0,44,Mottos18,False,CyprusCup,"JuventusFCWomen, 10Andis",Egypt,
1235583522741633026,Thu Mar 05 15:10:42 +0000 2020,"<a href=""http://twitter.com/download/android"" rel=""nofollow"">Twitter for Android</a>",RT @JuventusFCWomen: All the best to @10Andis as she takes on Finland in the #CyprusCup. Good luck! 💪 https://t.co/ibOyY5BT30,RT JuventusFCWomen All best 10Andis takes Finland CyprusCup Good luck 💪 https //t.co/ibOyY5BT30,"Sentiment(polarity=0.85, subjectivity=0.45000000000000007)",0.85,0.45000000000000007,en,0,44,Ultrasjuventus3,False,CyprusCup,"JuventusFCWomen, 10Andis",,
1235582033427980289,Thu Mar 05 15:04:47 +0000 2020,"<a href=""http://twitter.com/download/iphone"" rel=""nofollow"">Twitter for iPhone</a>",RT @JuventusFCWomen: All the best to @10Andis as she takes on Finland in the #CyprusCup. Good luck! 💪 https://t.co/ibOyY5BT30,RT JuventusFCWomen All best 10Andis takes Finland CyprusCup Good luck 💪 https //t.co/ibOyY5BT30,"Sentiment(polarity=0.85, subjectivity=0.45000000000000007)",0.85,0.45000000000000007,en,0,44,denisecm8,False,CyprusCup,"JuventusFCWomen, 10Andis",Milano,
1235581292747599872,Thu Mar 05 15:01:50 +0000 2020,"<a href=""http://twitter.com/download/android"" rel=""nofollow"">Twitter for Android</a>",RT @JuventusFCWomen: All the best to @10Andis as she takes on Finland in the #CyprusCup. Good luck! 💪 https://t.co/ibOyY5BT30,RT JuventusFCWomen All best 10Andis takes Finland CyprusCup Good luck 💪 https //t.co/ibOyY5BT30,"Sentiment(polarity=0.85, subjectivity=0.45000000000000007)",0.85,0.45000000000000007,en,0,44,StefaniaStefyss,False,CyprusCup,"JuventusFCWomen, 10Andis","Reggio nell'Emilia, Emilia Rom",
1235580131990790145,Thu Mar 05 14:57:14 +0000 2020,"<a href=""http://twitter.com/download/android"" rel=""nofollow"">Twitter for Android</a>",RT @JuventusFCWomen: All the best to @10Andis as she takes on Finland in the #CyprusCup. Good luck! 💪 https://t.co/ibOyY5BT30,RT JuventusFCWomen All best 10Andis takes Finland CyprusCup Good luck 💪 https //t.co/ibOyY5BT30,"Sentiment(polarity=0.85, subjectivity=0.45000000000000007)",0.85,0.45000000000000007,en,0,44,KimberlyAthayde,False,CyprusCup,"JuventusFCWomen, 10Andis",,
1235577433497231360,Thu Mar 05 14:46:30 +0000 2020,"<a href=""https://mobile.twitter.com"" rel=""nofollow"">Twitter Web App</a>",RT @JuventusFCWomen: All the best to @10Andis as she takes on Finland in the #CyprusCup. Good luck! 💪 https://t.co/ibOyY5BT30,RT JuventusFCWomen All best 10Andis takes Finland CyprusCup Good luck 💪 https //t.co/ibOyY5BT30,"Sentiment(polarity=0.85, subjectivity=0.45000000000000007)",0.85,0.45000000000000007,en,0,44,Mennakolodaxc,False,CyprusCup,"JuventusFCWomen, 10Andis",Allianz Stadium,
1235576957686796289,Thu Mar 05 14:44:37 +0000 2020,"<a href=""http://twitter.com/download/iphone"" rel=""nofollow"">Twitter for iPhone</a>",RT @JuventusFCWomen: All the best to @10Andis as she takes on Finland in the #CyprusCup. Good luck! 💪 https://t.co/ibOyY5BT30,RT JuventusFCWomen All best 10Andis takes Finland CyprusCup Good luck 💪 https //t.co/ibOyY5BT30,"Sentiment(polarity=0.85, subjectivity=0.45000000000000007)",0.85,0.45000000000000007,en,0,44,yrn_myres,False,CyprusCup,"JuventusFCWomen, 10Andis","Tema, Accra, Ghana",
1235576843367075840,Thu Mar 05 14:44:10 +0000 2020,"<a href=""https://mobile.twitter.com"" rel=""nofollow"">Twitter Web App</a>",RT @JuventusFCWomen: All the best to @10Andis as she takes on Finland in the #CyprusCup. Good luck! 💪 https://t.co/ibOyY5BT30,RT JuventusFCWomen All best 10Andis takes Finland CyprusCup Good luck 💪 https //t.co/ibOyY5BT30,"Sentiment(polarity=0.85, subjectivity=0.45000000000000007)",0.85,0.45000000000000007,en,0,44,juventusfc,False,CyprusCup,"JuventusFCWomen, 10Andis",Allianz Stadium,
1235575315444846592,Thu Mar 05 14:38:05 +0000 2020,"<a href=""http://twitter.com/download/android"" rel=""nofollow"">Twitter for Android</a>",RT @JuventusFCWomen: All the best to @10Andis as she takes on Finland in the #CyprusCup. Good luck! 💪 https://t.co/ibOyY5BT30,RT JuventusFCWomen All best 10Andis takes Finland CyprusCup Good luck 💪 https //t.co/ibOyY5BT30,"Sentiment(polarity=0.85, subjectivity=0.45000000000000007)",0.85,0.45000000000000007,en,0,44,JsAlxnde1,False,CyprusCup,"JuventusFCWomen, 10Andis",East Timor,
1235570180664758273,Thu Mar 05 14:17:41 +0000 2020,"<a href=""http://twitter.com/download/android"" rel=""nofollow"">Twitter for Android</a>",RT @JuventusFCWomen: All the best to @10Andis as she takes on Finland in the #CyprusCup. Good luck! 💪 https://t.co/ibOyY5BT30,RT JuventusFCWomen All best 10Andis takes Finland CyprusCup Good luck 💪 https //t.co/ibOyY5BT30,"Sentiment(polarity=0.85, subjectivity=0.45000000000000007)",0.85,0.45000000000000007,en,0,44,RumoreLuca,False,CyprusCup,"JuventusFCWomen, 10Andis",arbus,
1235565079157968896,Thu Mar 05 13:57:25 +0000 2020,"<a href=""https://mobile.twitter.com"" rel=""nofollow"">Twitter Web App</a>",RT @JuventusFCWomen: All the best to @10Andis as she takes on Finland in the #CyprusCup. Good luck! 💪 https://t.co/ibOyY5BT30,RT JuventusFCWomen All best 10Andis takes Finland CyprusCup Good luck 💪 https //t.co/ibOyY5BT30,"Sentiment(polarity=0.85, subjectivity=0.45000000000000007)",0.85,0.45000000000000007,en,0,44,BonsuFifi,False,CyprusCup,"JuventusFCWomen, 10Andis",,
1235563500853837827,Thu Mar 05 13:51:08 +0000 2020,"<a href=""http://twitter.com/download/android"" rel=""nofollow"">Twitter for Android</a>",RT @JuventusFCWomen: All the best to @10Andis as she takes on Finland in the #CyprusCup. Good luck! 💪 https://t.co/ibOyY5BT30,RT JuventusFCWomen All best 10Andis takes Finland CyprusCup Good luck 💪 https //t.co/ibOyY5BT30,"Sentiment(polarity=0.85, subjectivity=0.45000000000000007)",0.85,0.45000000000000007,en,0,44,TheuzZiNXD,False,CyprusCup,"JuventusFCWomen, 10Andis",La na lua,
1235561077074690048,Thu Mar 05 13:41:31 +0000 2020,"<a href=""http://twitter.com/download/android"" rel=""nofollow"">Twitter for Android</a>",RT @JuventusFCWomen: All the best to @10Andis as she takes on Finland in the #CyprusCup. Good luck! 💪 https://t.co/ibOyY5BT30,RT JuventusFCWomen All best 10Andis takes Finland CyprusCup Good luck 💪 https //t.co/ibOyY5BT30,"Sentiment(polarity=0.85, subjectivity=0.45000000000000007)",0.85,0.45000000000000007,en,0,44,GianandreaDava3,False,CyprusCup,"JuventusFCWomen, 10Andis",,
1235555859444318209,Thu Mar 05 13:20:47 +0000 2020,"<a href=""https://mobile.twitter.com"" rel=""nofollow"">Twitter Web App</a>",RT @JuventusFCWomen: Up front for Czech Republic in the #CyprusCup is @10Andis! Go get them! 💪 https://t.co/W8NB4K35gd,RT JuventusFCWomen Up front Czech Republic CyprusCup 10Andis Go get 💪 https //t.co/W8NB4K35gd,"Sentiment(polarity=0.0, subjectivity=0.0)",0.0,0.0,en,0,9,Domenico1oo777,False,CyprusCup,"JuventusFCWomen, 10Andis",,
1235555629617594369,Thu Mar 05 13:19:52 +0000 2020,"<a href=""http://twitter.com/#!/download/ipad"" rel=""nofollow"">Twitter for iPad</a>",RT @JuventusFCWomen: Up front for Czech Republic in the #CyprusCup is @10Andis! Go get them! 💪,RT JuventusFCWomen Up front Czech Republic CyprusCup 10Andis Go get 💪,"Sentiment(polarity=0.0, subjectivity=0.0)",0.0,0.0,en,0,9,_Introducing_me,,CyprusCup,"JuventusFCWomen, 10Andis",,
1235555489112420354,Thu Mar 05 13:19:18 +0000 2020,"<a href=""http://twitter.com/download/iphone"" rel=""nofollow"">Twitter for iPhone</a>",RT @JuventusFCWomen: Up front for Czech Republic in the #CyprusCup is @10Andis! Go get them! 💪,RT JuventusFCWomen Up front Czech Republic CyprusCup 10Andis Go get 💪,"Sentiment(polarity=0.0, subjectivity=0.0)",0.0,0.0,en,0,9,tedstatts,,CyprusCup,"JuventusFCWomen, 10Andis","Busto Arsizio, Lombardia",
1235555376990388225,Thu Mar 05 13:18:52 +0000 2020,"<a href=""https://mobile.twitter.com"" rel=""nofollow"">Twitter Web App</a>",Up front for Czech Republic in the #CyprusCup is @10Andis! Go get them! 💪 https://t.co/W8NB4K35gd,Up front Czech Republic CyprusCup 10Andis Go get 💪 https //t.co/W8NB4K35gd,"Sentiment(polarity=0.0, subjectivity=0.0)",0.0,0.0,en,69,9,JuventusFCWomen,False,CyprusCup,10Andis,"Turin, Piedmont",
1235555202826219520,Thu Mar 05 13:18:10 +0000 2020,"<a href=""https://mobile.twitter.com"" rel=""nofollow"">Twitter Web App</a>",RT @JuventusFCWomen: All the best to @10Andis as she takes on Finland in the #CyprusCup. Good luck! 💪 https://t.co/ibOyY5BT30,RT JuventusFCWomen All best 10Andis takes Finland CyprusCup Good luck 💪 https //t.co/ibOyY5BT30,"Sentiment(polarity=0.85, subjectivity=0.45000000000000007)",0.85,0.45000000000000007,en,0,44,juventusfcen,False,CyprusCup,"JuventusFCWomen, 10Andis",Allianz Stadium,
1235553521233285122,Thu Mar 05 13:11:29 +0000 2020,"<a href=""https://mobile.twitter.com"" rel=""nofollow"">Twitter Web App</a>",RT @JuventusFCWomen: All the best to @10Andis as she takes on Finland in the #CyprusCup. Good luck! 💪 https://t.co/ibOyY5BT30,RT JuventusFCWomen All best 10Andis takes Finland CyprusCup Good luck 💪 https //t.co/ibOyY5BT30,"Sentiment(polarity=0.85, subjectivity=0.45000000000000007)",0.85,0.45000000000000007,en,0,44,Domenico1oo777,False,CyprusCup,"JuventusFCWomen, 10Andis",,
1235551682236272641,Thu Mar 05 13:04:11 +0000 2020,"<a href=""http://twitter.com/download/android"" rel=""nofollow"">Twitter for Android</a>",RT @JuventusFCWomen: All the best to @10Andis as she takes on Finland in the #CyprusCup. Good luck! 💪 https://t.co/ibOyY5BT30,RT JuventusFCWomen All best 10Andis takes Finland CyprusCup Good luck 💪 https //t.co/ibOyY5BT30,"Sentiment(polarity=0.85, subjectivity=0.45000000000000007)",0.85,0.45000000000000007,en,0,44,Gro_Conexiones,False,CyprusCup,"JuventusFCWomen, 10Andis","Guerrero, México",
1235551643363446790,Thu Mar 05 13:04:01 +0000 2020,"<a href=""http://twitter.com/download/android"" rel=""nofollow"">Twitter for Android</a>",RT @JuventusFCWomen: All the best to @10Andis as she takes on Finland in the #CyprusCup. Good luck! 💪 https://t.co/ibOyY5BT30,RT JuventusFCWomen All best 10Andis takes Finland CyprusCup Good luck 💪 https //t.co/ibOyY5BT30,"Sentiment(polarity=0.85, subjectivity=0.45000000000000007)",0.85,0.45000000000000007,en,0,44,MattiaGiovi,False,CyprusCup,"JuventusFCWomen, 10Andis",Roma,
1235550951144030208,Thu Mar 05 13:01:16 +0000 2020,"<a href=""http://twitter.com/download/android"" rel=""nofollow"">Twitter for Android</a>",RT @JuventusFCWomen: All the best to @10Andis as she takes on Finland in the #CyprusCup. Good luck! 💪 https://t.co/ibOyY5BT30,RT JuventusFCWomen All best 10Andis takes Finland CyprusCup Good luck 💪 https //t.co/ibOyY5BT30,"Sentiment(polarity=0.85, subjectivity=0.45000000000000007)",0.85,0.45000000000000007,en,0,44,_angi_11,False,CyprusCup,"JuventusFCWomen, 10Andis",Italia,
1235550937420161026,Thu Mar 05 13:01:13 +0000 2020,"<a href=""http://twitter.com/download/iphone"" rel=""nofollow"">Twitter for iPhone</a>",RT @JuventusFCWomen: All the best to @10Andis as she takes on Finland in the #CyprusCup. Good luck! 💪 https://t.co/ibOyY5BT30,RT JuventusFCWomen All best 10Andis takes Finland CyprusCup Good luck 💪 https //t.co/ibOyY5BT30,"Sentiment(polarity=0.85, subjectivity=0.45000000000000007)",0.85,0.45000000000000007,en,0,44,UnGobboadAtene,False,CyprusCup,"JuventusFCWomen, 10Andis",,
1235550920425041922,Thu Mar 05 13:01:09 +0000 2020,"<a href=""http://twitter.com/download/iphone"" rel=""nofollow"">Twitter for iPhone</a>",RT @JuventusFCWomen: All the best to @10Andis as she takes on Finland in the #CyprusCup. Good luck! 💪 https://t.co/ibOyY5BT30,RT JuventusFCWomen All best 10Andis takes Finland CyprusCup Good luck 💪 https //t.co/ibOyY5BT30,"Sentiment(polarity=0.85, subjectivity=0.45000000000000007)",0.85,0.45000000000000007,en,0,44,tedstatts,False,CyprusCup,"JuventusFCWomen, 10Andis","Busto Arsizio, Lombardia",
1235550911218331649,Thu Mar 05 13:01:07 +0000 2020,"<a href=""http://twitter.com/download/android"" rel=""nofollow"">Twitter for Android</a>",RT @JuventusFCWomen: All the best to @10Andis as she takes on Finland in the #CyprusCup. Good luck! 💪 https://t.co/ibOyY5BT30,RT JuventusFCWomen All best 10Andis takes Finland CyprusCup Good luck 💪 https //t.co/ibOyY5BT30,"Sentiment(polarity=0.85, subjectivity=0.45000000000000007)",0.85,0.45000000000000007,en,0,44,LinuxVanBassen,False,CyprusCup,"JuventusFCWomen, 10Andis","Torino, Piemonte",
1235550851927769097,Thu Mar 05 13:00:53 +0000 2020,"<a href=""https://www.hootsuite.com"" rel=""nofollow"">Hootsuite Inc.</a>",All the best to @10Andis as she takes on Finland in the #CyprusCup. Good luck! 💪 https://t.co/ibOyY5BT30,All best 10Andis takes Finland CyprusCup Good luck 💪 https //t.co/ibOyY5BT30,"Sentiment(polarity=0.85, subjectivity=0.45000000000000007)",0.85,0.45000000000000007,en,675,44,JuventusFCWomen,False,CyprusCup,10Andis,"Turin, Piedmont",
1235549823509635073,Thu Mar 05 12:56:47 +0000 2020,"<a href=""http://twitter.com/download/android"" rel=""nofollow"">Twitter for Android</a>","RT @FIFAWWC: #AlgarveCup ☑️
#CyprusCup ☑️
#SheBelievesCup ☑️
#PinatarCup ☑️
#TournoiDeFrance ☑️
#TurkishWomensCup ☑️

It's all happening in…",RT FIFAWWC AlgarveCup ☑️ CyprusCup ☑️ SheBelievesCup ☑️ PinatarCup ☑️ TournoiDeFrance ☑️ TurkishWomensCup ☑️ It 's happening in…,"Sentiment(polarity=0.0, subjectivity=0.0)",0.0,0.0,en,0,79,forgottenxi,,"AlgarveCup, CyprusCup, SheBelievesCup, PinatarCup, TournoiDeFrance, TurkishWomensCup",FIFAWWC,,
1235546369663762434,Thu Mar 05 12:43:04 +0000 2020,"<a href=""https://mobile.twitter.com"" rel=""nofollow"">Twitter Web App</a>","Nora is starting Finland's match.

Finland also won't be streaming their match either, but you can follow along wit… https://t.co/Q4B8ysbowc",Nora starting Finland 's match Finland also wo n't streaming match either follow along wit… https //t.co/Q4B8ysbowc,"Sentiment(polarity=0.0, subjectivity=0.1)",0.0,0.1,en,2,1,amicus_arcane,,,,The boundless realm of the supernatural 👻,
1235543462344298499,Thu Mar 05 12:31:31 +0000 2020,"<a href=""https://about.twitter.com/products/tweetdeck"" rel=""nofollow"">TweetDeck</a>","Vaihtopelaajat 🔁
1️⃣ Paula Myllyoja
1️⃣2️⃣ Anna Tamminen
2️⃣ Elli Pikkujämsä
6️⃣ Anna Auvinen
7️⃣ Adelina Engman… https://t.co/SNdVaT6IEI",Vaihtopelaajat 🔁 1️⃣ Paula Myllyoja 1️⃣2️⃣ Anna Tamminen 2️⃣ Elli Pikkujämsä 6️⃣ Anna Auvinen 7️⃣ Adelina Engman… https //t.co/SNdVaT6IEI,"Sentiment(polarity=0.0, subjectivity=0.0)",0.0,0.0,en,9,0,HelmaritFI,,,,Suomi,
1235541261177643008,Thu Mar 05 12:22:46 +0000 2020,"<a href=""http://twitter.com/download/iphone"" rel=""nofollow"">Twitter for iPhone</a>",Finland open their Cyprus Cup campaign today against Czech Republic. Kick off at 1330 UK. #helmarit #CyprusCup https://t.co/ZDbMFmUE2n,Finland open Cyprus Cup campaign today Czech Republic Kick 1330 UK helmarit CyprusCup https //t.co/ZDbMFmUE2n,"Sentiment(polarity=0.0, subjectivity=0.5)",0.0,0.5,en,5,0,EscapeToSuomi,False,"helmarit, CyprusCup",,SW London/Kuopio,
1235481259242999809,Thu Mar 05 08:24:20 +0000 2020,"<a href=""https://ifttt.com"" rel=""nofollow"">IFTTT</a>","https://t.co/7dF191eIoS RT FIFAWWC: #AlgarveCup ☑️
#CyprusCup ☑️
#SheBelievesCup ☑️
#PinatarCup ☑️
#TournoiDeFrance… https://t.co/D1pYRHoOvC",https //t.co/7dF191eIoS RT FIFAWWC AlgarveCup ☑️ CyprusCup ☑️ SheBelievesCup ☑️ PinatarCup ☑️ TournoiDeFrance… https //t.co/D1pYRHoOvC,"Sentiment(polarity=0.0, subjectivity=0.0)",0.0,0.0,en,1,0,pialaduniarusia,False,"AlgarveCup, CyprusCup, SheBelievesCup, PinatarCup, TournoiDeFrance",,Indonesia,
1235424940830142464,Thu Mar 05 04:40:33 +0000 2020,"<a href=""https://mobile.twitter.com"" rel=""nofollow"">Twitter Web App</a>","RT @FIFAWWC: #AlgarveCup ☑️
#CyprusCup ☑️
#SheBelievesCup ☑️
#PinatarCup ☑️
#TournoiDeFrance ☑️
#TurkishWomensCup ☑️

It's all happening in…",RT FIFAWWC AlgarveCup ☑️ CyprusCup ☑️ SheBelievesCup ☑️ PinatarCup ☑️ TournoiDeFrance ☑️ TurkishWomensCup ☑️ It 's happening in…,"Sentiment(polarity=0.0, subjectivity=0.0)",0.0,0.0,en,0,79,DynamoCooligan,,"AlgarveCup, CyprusCup, SheBelievesCup, PinatarCup, TournoiDeFrance, TurkishWomensCup",FIFAWWC,"Houston, Texas",
1235409622795800576,Thu Mar 05 03:39:41 +0000 2020,"<a href=""http://twitter.com/download/iphone"" rel=""nofollow"">Twitter for iPhone</a>","RT @FIFAWWC: #AlgarveCup ☑️
#CyprusCup ☑️
#SheBelievesCup ☑️
#PinatarCup ☑️
#TournoiDeFrance ☑️
#TurkishWomensCup ☑️

It's all happening in…",RT FIFAWWC AlgarveCup ☑️ CyprusCup ☑️ SheBelievesCup ☑️ PinatarCup ☑️ TournoiDeFrance ☑️ TurkishWomensCup ☑️ It 's happening in…,"Sentiment(polarity=0.0, subjectivity=0.0)",0.0,0.0,en,0,79,surfbetty1968,,"AlgarveCup, CyprusCup, SheBelievesCup, PinatarCup, TournoiDeFrance, TurkishWomensCup",FIFAWWC,The Nutmeg State,
1235386284513714176,Thu Mar 05 02:06:57 +0000 2020,"<a href=""http://twitter.com/download/iphone"" rel=""nofollow"">Twitter for iPhone</a>","RT @FIFAWWC: #AlgarveCup ☑️
#CyprusCup ☑️
#SheBelievesCup ☑️
#PinatarCup ☑️
#TournoiDeFrance ☑️
#TurkishWomensCup ☑️

It's all happening in…",RT FIFAWWC AlgarveCup ☑️ CyprusCup ☑️ SheBelievesCup ☑️ PinatarCup ☑️ TournoiDeFrance ☑️ TurkishWomensCup ☑️ It 's happening in…,"Sentiment(polarity=0.0, subjectivity=0.0)",0.0,0.0,en,0,79,mtkusano,,"AlgarveCup, CyprusCup, SheBelievesCup, PinatarCup, TournoiDeFrance, TurkishWomensCup",FIFAWWC,"Stockton, CA.",
1235374457658765313,Thu Mar 05 01:19:57 +0000 2020,"<a href=""http://twitter.com/download/iphone"" rel=""nofollow"">Twitter for iPhone</a>","RT @FIFAWWC: #AlgarveCup ☑️
#CyprusCup ☑️
#SheBelievesCup ☑️
#PinatarCup ☑️
#TournoiDeFrance ☑️
#TurkishWomensCup ☑️

It's all happening in…",RT FIFAWWC AlgarveCup ☑️ CyprusCup ☑️ SheBelievesCup ☑️ PinatarCup ☑️ TournoiDeFrance ☑️ TurkishWomensCup ☑️ It 's happening in…,"Sentiment(polarity=0.0, subjectivity=0.0)",0.0,0.0,en,0,79,Lcole22,,"AlgarveCup, CyprusCup, SheBelievesCup, PinatarCup, TournoiDeFrance, TurkishWomensCup",FIFAWWC,Global ,
1235366224189628417,Thu Mar 05 00:47:14 +0000 2020,"<a href=""http://twitter.com/download/iphone"" rel=""nofollow"">Twitter for iPhone</a>","RT @FIFAWWC: #AlgarveCup ☑️
#CyprusCup ☑️
#SheBelievesCup ☑️
#PinatarCup ☑️
#TournoiDeFrance ☑️
#TurkishWomensCup ☑️

It's all happening in…",RT FIFAWWC AlgarveCup ☑️ CyprusCup ☑️ SheBelievesCup ☑️ PinatarCup ☑️ TournoiDeFrance ☑️ TurkishWomensCup ☑️ It 's happening in…,"Sentiment(polarity=0.0, subjectivity=0.0)",0.0,0.0,en,0,79,EmilyReichard2,,"AlgarveCup, CyprusCup, SheBelievesCup, PinatarCup, TournoiDeFrance, TurkishWomensCup",FIFAWWC,"Gladwin, MI",
1235354601936822273,Thu Mar 05 00:01:03 +0000 2020,"<a href=""http://twitter.com/download/android"" rel=""nofollow"">Twitter for Android</a>","RT @FIFAWWC: #AlgarveCup ☑️
#CyprusCup ☑️
#SheBelievesCup ☑️
#PinatarCup ☑️
#TournoiDeFrance ☑️
#TurkishWomensCup ☑️

It's all happening in…",RT FIFAWWC AlgarveCup ☑️ CyprusCup ☑️ SheBelievesCup ☑️ PinatarCup ☑️ TournoiDeFrance ☑️ TurkishWomensCup ☑️ It 's happening in…,"Sentiment(polarity=0.0, subjectivity=0.0)",0.0,0.0,en,0,79,LaVidalCin,,"AlgarveCup, CyprusCup, SheBelievesCup, PinatarCup, TournoiDeFrance, TurkishWomensCup",FIFAWWC,pipope,
1235318989989064707,Wed Mar 04 21:39:32 +0000 2020,"<a href=""http://twitter.com/download/android"" rel=""nofollow"">Twitter for Android</a>","RT @FIFAWWC: #AlgarveCup ☑️
#CyprusCup ☑️
#SheBelievesCup ☑️
#PinatarCup ☑️
#TournoiDeFrance ☑️
#TurkishWomensCup ☑️

It's all happening in…",RT FIFAWWC AlgarveCup ☑️ CyprusCup ☑️ SheBelievesCup ☑️ PinatarCup ☑️ TournoiDeFrance ☑️ TurkishWomensCup ☑️ It 's happening in…,"Sentiment(polarity=0.0, subjectivity=0.0)",0.0,0.0,en,0,79,nono11_1983,,"AlgarveCup, CyprusCup, SheBelievesCup, PinatarCup, TournoiDeFrance, TurkishWomensCup",FIFAWWC,,
1235313235538128898,Wed Mar 04 21:16:41 +0000 2020,"<a href=""http://twitter.com/download/iphone"" rel=""nofollow"">Twitter for iPhone</a>","RT @FIFAWWC: #AlgarveCup ☑️
#CyprusCup ☑️
#SheBelievesCup ☑️
#PinatarCup ☑️
#TournoiDeFrance ☑️
#TurkishWomensCup ☑️

It's all happening in…",RT FIFAWWC AlgarveCup ☑️ CyprusCup ☑️ SheBelievesCup ☑️ PinatarCup ☑️ TournoiDeFrance ☑️ TurkishWomensCup ☑️ It 's happening in…,"Sentiment(polarity=0.0, subjectivity=0.0)",0.0,0.0,en,0,79,RidgeCityFC,,"AlgarveCup, CyprusCup, SheBelievesCup, PinatarCup, TournoiDeFrance, TurkishWomensCup",FIFAWWC,"Accra, Ghana",
1235301777760714755,Wed Mar 04 20:31:09 +0000 2020,"<a href=""https://mobile.twitter.com"" rel=""nofollow"">Twitter Web App</a>","RT @FIFAWWC: #AlgarveCup ☑️
#CyprusCup ☑️
#SheBelievesCup ☑️
#PinatarCup ☑️
#TournoiDeFrance ☑️
#TurkishWomensCup ☑️

It's all happening in…",RT FIFAWWC AlgarveCup ☑️ CyprusCup ☑️ SheBelievesCup ☑️ PinatarCup ☑️ TournoiDeFrance ☑️ TurkishWomensCup ☑️ It 's happening in…,"Sentiment(polarity=0.0, subjectivity=0.0)",0.0,0.0,en,0,79,Deegley,,"AlgarveCup, CyprusCup, SheBelievesCup, PinatarCup, TournoiDeFrance, TurkishWomensCup",FIFAWWC,"Colorado Springs,Colorado,USA",
1235299642482491394,Wed Mar 04 20:22:40 +0000 2020,"<a href=""http://twitter.com/download/iphone"" rel=""nofollow"">Twitter for iPhone</a>","RT @FIFAWWC: #AlgarveCup ☑️
#CyprusCup ☑️
#SheBelievesCup ☑️
#PinatarCup ☑️
#TournoiDeFrance ☑️
#TurkishWomensCup ☑️

It's all happening in…",RT FIFAWWC AlgarveCup ☑️ CyprusCup ☑️ SheBelievesCup ☑️ PinatarCup ☑️ TournoiDeFrance ☑️ TurkishWomensCup ☑️ It 's happening in…,"Sentiment(polarity=0.0, subjectivity=0.0)",0.0,0.0,en,0,79,SarBareman,,"AlgarveCup, CyprusCup, SheBelievesCup, PinatarCup, TournoiDeFrance, TurkishWomensCup",FIFAWWC,"Zurich, Switzerland",
1235296251501056003,Wed Mar 04 20:09:11 +0000 2020,"<a href=""https://mobile.twitter.com"" rel=""nofollow"">Twitter Web App</a>","RT @FIFAWWC: #AlgarveCup ☑️
#CyprusCup ☑️
#SheBelievesCup ☑️
#PinatarCup ☑️
#TournoiDeFrance ☑️
#TurkishWomensCup ☑️

It's all happening in…",RT FIFAWWC AlgarveCup ☑️ CyprusCup ☑️ SheBelievesCup ☑️ PinatarCup ☑️ TournoiDeFrance ☑️ TurkishWomensCup ☑️ It 's happening in…,"Sentiment(polarity=0.0, subjectivity=0.0)",0.0,0.0,en,0,79,uchennarose3,,"AlgarveCup, CyprusCup, SheBelievesCup, PinatarCup, TournoiDeFrance, TurkishWomensCup",FIFAWWC,,
1235287631614947334,Wed Mar 04 19:34:56 +0000 2020,"<a href=""http://twitter.com/download/android"" rel=""nofollow"">Twitter for Android</a>","RT @FIFAWWC: #AlgarveCup ☑️
#CyprusCup ☑️
#SheBelievesCup ☑️
#PinatarCup ☑️
#TournoiDeFrance ☑️
#TurkishWomensCup ☑️

It's all happening in…",RT FIFAWWC AlgarveCup ☑️ CyprusCup ☑️ SheBelievesCup ☑️ PinatarCup ☑️ TournoiDeFrance ☑️ TurkishWomensCup ☑️ It 's happening in…,"Sentiment(polarity=0.0, subjectivity=0.0)",0.0,0.0,en,0,79,RPMania98,,"AlgarveCup, CyprusCup, SheBelievesCup, PinatarCup, TournoiDeFrance, TurkishWomensCup",FIFAWWC,"Boston, MA",
1235277010018152450,Wed Mar 04 18:52:44 +0000 2020,"<a href=""http://twitter.com/download/android"" rel=""nofollow"">Twitter for Android</a>","RT @FIFAWWC: #AlgarveCup ☑️
#CyprusCup ☑️
#SheBelievesCup ☑️
#PinatarCup ☑️
#TournoiDeFrance ☑️
#TurkishWomensCup ☑️

It's all happening in…",RT FIFAWWC AlgarveCup ☑️ CyprusCup ☑️ SheBelievesCup ☑️ PinatarCup ☑️ TournoiDeFrance ☑️ TurkishWomensCup ☑️ It 's happening in…,"Sentiment(polarity=0.0, subjectivity=0.0)",0.0,0.0,en,0,79,sofiamestre2002,,"AlgarveCup, CyprusCup, SheBelievesCup, PinatarCup, TournoiDeFrance, TurkishWomensCup",FIFAWWC,"Évora, Portugal",
1235271940824354817,Wed Mar 04 18:32:35 +0000 2020,"<a href=""http://twitter.com/download/iphone"" rel=""nofollow"">Twitter for iPhone</a>","RT @FIFAWWC: #AlgarveCup ☑️
#CyprusCup ☑️
#SheBelievesCup ☑️
#PinatarCup ☑️
#TournoiDeFrance ☑️
#TurkishWomensCup ☑️

It's all happening in…",RT FIFAWWC AlgarveCup ☑️ CyprusCup ☑️ SheBelievesCup ☑️ PinatarCup ☑️ TournoiDeFrance ☑️ TurkishWomensCup ☑️ It 's happening in…,"Sentiment(polarity=0.0, subjectivity=0.0)",0.0,0.0,en,0,79,salwaallyy,,"AlgarveCup, CyprusCup, SheBelievesCup, PinatarCup, TournoiDeFrance, TurkishWomensCup",FIFAWWC,,
1235265366965792769,Wed Mar 04 18:06:28 +0000 2020,"<a href=""http://twitter.com/download/android"" rel=""nofollow"">Twitter for Android</a>","RT @FIFAWWC: #AlgarveCup ☑️
#CyprusCup ☑️
#SheBelievesCup ☑️
#PinatarCup ☑️
#TournoiDeFrance ☑️
#TurkishWomensCup ☑️

It's all happening in…",RT FIFAWWC AlgarveCup ☑️ CyprusCup ☑️ SheBelievesCup ☑️ PinatarCup ☑️ TournoiDeFrance ☑️ TurkishWomensCup ☑️ It 's happening in…,"Sentiment(polarity=0.0, subjectivity=0.0)",0.0,0.0,en,0,79,TheBigRafa1998,,"AlgarveCup, CyprusCup, SheBelievesCup, PinatarCup, TournoiDeFrance, TurkishWomensCup",FIFAWWC,"Boston, MA",
1235263526584954889,Wed Mar 04 17:59:09 +0000 2020,"<a href=""http://twitter.com/download/android"" rel=""nofollow"">Twitter for Android</a>","RT @FIFAWWC: #AlgarveCup ☑️
#CyprusCup ☑️
#SheBelievesCup ☑️
#PinatarCup ☑️
#TournoiDeFrance ☑️
#TurkishWomensCup ☑️

It's all happening in…",RT FIFAWWC AlgarveCup ☑️ CyprusCup ☑️ SheBelievesCup ☑️ PinatarCup ☑️ TournoiDeFrance ☑️ TurkishWomensCup ☑️ It 's happening in…,"Sentiment(polarity=0.0, subjectivity=0.0)",0.0,0.0,en,0,79,GUYGirlsAcademy,,"AlgarveCup, CyprusCup, SheBelievesCup, PinatarCup, TournoiDeFrance, TurkishWomensCup",FIFAWWC,Guyana,
1235255867089522689,Wed Mar 04 17:28:43 +0000 2020,"<a href=""http://twitter.com/download/iphone"" rel=""nofollow"">Twitter for iPhone</a>","RT @FIFAWWC: #AlgarveCup ☑️
#CyprusCup ☑️
#SheBelievesCup ☑️
#PinatarCup ☑️
#TournoiDeFrance ☑️
#TurkishWomensCup ☑️

It's all happening in…",RT FIFAWWC AlgarveCup ☑️ CyprusCup ☑️ SheBelievesCup ☑️ PinatarCup ☑️ TournoiDeFrance ☑️ TurkishWomensCup ☑️ It 's happening in…,"Sentiment(polarity=0.0, subjectivity=0.0)",0.0,0.0,en,0,79,johnamyster,,"AlgarveCup, CyprusCup, SheBelievesCup, PinatarCup, TournoiDeFrance, TurkishWomensCup",FIFAWWC,"Lucan, Dublin, Paddyland",
1235255565133078528,Wed Mar 04 17:27:31 +0000 2020,"<a href=""https://mobile.twitter.com"" rel=""nofollow"">Twitter Web App</a>","RT @FIFAWWC: #AlgarveCup ☑️
#CyprusCup ☑️
#SheBelievesCup ☑️
#PinatarCup ☑️
#TournoiDeFrance ☑️
#TurkishWomensCup ☑️

It's all happening in…",RT FIFAWWC AlgarveCup ☑️ CyprusCup ☑️ SheBelievesCup ☑️ PinatarCup ☑️ TournoiDeFrance ☑️ TurkishWomensCup ☑️ It 's happening in…,"Sentiment(polarity=0.0, subjectivity=0.0)",0.0,0.0,en,0,79,NZ_Football,,"AlgarveCup, CyprusCup, SheBelievesCup, PinatarCup, TournoiDeFrance, TurkishWomensCup",FIFAWWC,New Zealand,
1235253800098770952,Wed Mar 04 17:20:30 +0000 2020,"<a href=""https://mobile.twitter.com"" rel=""nofollow"">Twitter Web App</a>","RT @FIFAWWC: #AlgarveCup ☑️
#CyprusCup ☑️
#SheBelievesCup ☑️
#PinatarCup ☑️
#TournoiDeFrance ☑️
#TurkishWomensCup ☑️

It's all happening in…",RT FIFAWWC AlgarveCup ☑️ CyprusCup ☑️ SheBelievesCup ☑️ PinatarCup ☑️ TournoiDeFrance ☑️ TurkishWomensCup ☑️ It 's happening in…,"Sentiment(polarity=0.0, subjectivity=0.0)",0.0,0.0,en,0,79,drvahid197514,,"AlgarveCup, CyprusCup, SheBelievesCup, PinatarCup, TournoiDeFrance, TurkishWomensCup",FIFAWWC,"Babol, Iran",
1235250888136183808,Wed Mar 04 17:08:56 +0000 2020,"<a href=""http://twitter.com/download/android"" rel=""nofollow"">Twitter for Android</a>","RT @FIFAWWC: #AlgarveCup ☑️
#CyprusCup ☑️
#SheBelievesCup ☑️
#PinatarCup ☑️
#TournoiDeFrance ☑️
#TurkishWomensCup ☑️

It's all happening in…",RT FIFAWWC AlgarveCup ☑️ CyprusCup ☑️ SheBelievesCup ☑️ PinatarCup ☑️ TournoiDeFrance ☑️ TurkishWomensCup ☑️ It 's happening in…,"Sentiment(polarity=0.0, subjectivity=0.0)",0.0,0.0,en,0,79,murchisontrent,,"AlgarveCup, CyprusCup, SheBelievesCup, PinatarCup, TournoiDeFrance, TurkishWomensCup",FIFAWWC,,
1235237815799156736,Wed Mar 04 16:16:59 +0000 2020,"<a href=""http://twitter.com/download/iphone"" rel=""nofollow"">Twitter for iPhone</a>","RT @FIFAWWC: #AlgarveCup ☑️
#CyprusCup ☑️
#SheBelievesCup ☑️
#PinatarCup ☑️
#TournoiDeFrance ☑️
#TurkishWomensCup ☑️

It's all happening in…",RT FIFAWWC AlgarveCup ☑️ CyprusCup ☑️ SheBelievesCup ☑️ PinatarCup ☑️ TournoiDeFrance ☑️ TurkishWomensCup ☑️ It 's happening in…,"Sentiment(polarity=0.0, subjectivity=0.0)",0.0,0.0,en,0,79,elizabethtoni,,"AlgarveCup, CyprusCup, SheBelievesCup, PinatarCup, TournoiDeFrance, TurkishWomensCup",FIFAWWC,"Leicester Square, London",
1235227113512370177,Wed Mar 04 15:34:27 +0000 2020,"<a href=""http://twitter.com/download/android"" rel=""nofollow"">Twitter for Android</a>","RT @FIFAWWC: #AlgarveCup ☑️
#CyprusCup ☑️
#SheBelievesCup ☑️
#PinatarCup ☑️
#TournoiDeFrance ☑️
#TurkishWomensCup ☑️

It's all happening in…",RT FIFAWWC AlgarveCup ☑️ CyprusCup ☑️ SheBelievesCup ☑️ PinatarCup ☑️ TournoiDeFrance ☑️ TurkishWomensCup ☑️ It 's happening in…,"Sentiment(polarity=0.0, subjectivity=0.0)",0.0,0.0,en,0,79,Ahema6,,"AlgarveCup, CyprusCup, SheBelievesCup, PinatarCup, TournoiDeFrance, TurkishWomensCup",FIFAWWC,"Norwich, England",
1235226116475871232,Wed Mar 04 15:30:30 +0000 2020,"<a href=""http://twitter.com/download/android"" rel=""nofollow"">Twitter for Android</a>","RT @FIFAWWC: #AlgarveCup ☑️
#CyprusCup ☑️
#SheBelievesCup ☑️
#PinatarCup ☑️
#TournoiDeFrance ☑️
#TurkishWomensCup ☑️

It's all happening in…",RT FIFAWWC AlgarveCup ☑️ CyprusCup ☑️ SheBelievesCup ☑️ PinatarCup ☑️ TournoiDeFrance ☑️ TurkishWomensCup ☑️ It 's happening in…,"Sentiment(polarity=0.0, subjectivity=0.0)",0.0,0.0,en,0,79,PinayFutbol,,"AlgarveCup, CyprusCup, SheBelievesCup, PinatarCup, TournoiDeFrance, TurkishWomensCup",FIFAWWC,Philippines,
1235220245935091713,Wed Mar 04 15:07:10 +0000 2020,"<a href=""http://twitter.com/download/android"" rel=""nofollow"">Twitter for Android</a>","RT @FIFAWWC: #AlgarveCup ☑️
#CyprusCup ☑️
#SheBelievesCup ☑️
#PinatarCup ☑️
#TournoiDeFrance ☑️
#TurkishWomensCup ☑️

It's all happening in…",RT FIFAWWC AlgarveCup ☑️ CyprusCup ☑️ SheBelievesCup ☑️ PinatarCup ☑️ TournoiDeFrance ☑️ TurkishWomensCup ☑️ It 's happening in…,"Sentiment(polarity=0.0, subjectivity=0.0)",0.0,0.0,en,0,79,nazifa_hazirah,,"AlgarveCup, CyprusCup, SheBelievesCup, PinatarCup, TournoiDeFrance, TurkishWomensCup",FIFAWWC,Earth,
1235217688370216962,Wed Mar 04 14:57:00 +0000 2020,"<a href=""https://mobile.twitter.com"" rel=""nofollow"">Twitter Web App</a>","RT @FIFAWWC: #AlgarveCup ☑️
#CyprusCup ☑️
#SheBelievesCup ☑️
#PinatarCup ☑️
#TournoiDeFrance ☑️
#TurkishWomensCup ☑️

It's all happening in…",RT FIFAWWC AlgarveCup ☑️ CyprusCup ☑️ SheBelievesCup ☑️ PinatarCup ☑️ TournoiDeFrance ☑️ TurkishWomensCup ☑️ It 's happening in…,"Sentiment(polarity=0.0, subjectivity=0.0)",0.0,0.0,en,0,79,KolinaTrowski,,"AlgarveCup, CyprusCup, SheBelievesCup, PinatarCup, TournoiDeFrance, TurkishWomensCup",FIFAWWC,,
1235215644259278848,Wed Mar 04 14:48:53 +0000 2020,"<a href=""http://twitter.com/download/iphone"" rel=""nofollow"">Twitter for iPhone</a>","RT @FIFAWWC: #AlgarveCup ☑️
#CyprusCup ☑️
#SheBelievesCup ☑️
#PinatarCup ☑️
#TournoiDeFrance ☑️
#TurkishWomensCup ☑️

It's all happening in…",RT FIFAWWC AlgarveCup ☑️ CyprusCup ☑️ SheBelievesCup ☑️ PinatarCup ☑️ TournoiDeFrance ☑️ TurkishWomensCup ☑️ It 's happening in…,"Sentiment(polarity=0.0, subjectivity=0.0)",0.0,0.0,en,0,79,in_a_madzworld,,"AlgarveCup, CyprusCup, SheBelievesCup, PinatarCup, TournoiDeFrance, TurkishWomensCup",FIFAWWC,,
1235212936815181826,Wed Mar 04 14:38:07 +0000 2020,"<a href=""https://mobile.twitter.com"" rel=""nofollow"">Twitter Web App</a>","RT @FIFAWWC: #AlgarveCup ☑️
#CyprusCup ☑️
#SheBelievesCup ☑️
#PinatarCup ☑️
#TournoiDeFrance ☑️
#TurkishWomensCup ☑️

It's all happening in…",RT FIFAWWC AlgarveCup ☑️ CyprusCup ☑️ SheBelievesCup ☑️ PinatarCup ☑️ TournoiDeFrance ☑️ TurkishWomensCup ☑️ It 's happening in…,"Sentiment(polarity=0.0, subjectivity=0.0)",0.0,0.0,en,0,79,ffuwomen,,"AlgarveCup, CyprusCup, SheBelievesCup, PinatarCup, TournoiDeFrance, TurkishWomensCup",FIFAWWC,Украина,
1235211745632780288,Wed Mar 04 14:33:23 +0000 2020,"<a href=""http://twitter.com/download/android"" rel=""nofollow"">Twitter for Android</a>","RT @FIFAWWC: #AlgarveCup ☑️
#CyprusCup ☑️
#SheBelievesCup ☑️
#PinatarCup ☑️
#TournoiDeFrance ☑️
#TurkishWomensCup ☑️

It's all happening in…",RT FIFAWWC AlgarveCup ☑️ CyprusCup ☑️ SheBelievesCup ☑️ PinatarCup ☑️ TournoiDeFrance ☑️ TurkishWomensCup ☑️ It 's happening in…,"Sentiment(polarity=0.0, subjectivity=0.0)",0.0,0.0,en,0,79,J9164366533,,"AlgarveCup, CyprusCup, SheBelievesCup, PinatarCup, TournoiDeFrance, TurkishWomensCup",FIFAWWC,"Newport Beach, CA",
1235205240707784704,Wed Mar 04 14:07:33 +0000 2020,"<a href=""http://twitter.com/download/android"" rel=""nofollow"">Twitter for Android</a>","RT @FIFAWWC: #AlgarveCup ☑️
#CyprusCup ☑️
#SheBelievesCup ☑️
#PinatarCup ☑️
#TournoiDeFrance ☑️
#TurkishWomensCup ☑️

It's all happening in…",RT FIFAWWC AlgarveCup ☑️ CyprusCup ☑️ SheBelievesCup ☑️ PinatarCup ☑️ TournoiDeFrance ☑️ TurkishWomensCup ☑️ It 's happening in…,"Sentiment(polarity=0.0, subjectivity=0.0)",0.0,0.0,en,0,79,Sandie210,,"AlgarveCup, CyprusCup, SheBelievesCup, PinatarCup, TournoiDeFrance, TurkishWomensCup",FIFAWWC,,
1235201131560787969,Wed Mar 04 13:51:13 +0000 2020,"<a href=""http://twitter.com/download/android"" rel=""nofollow"">Twitter for Android</a>","RT @FIFAWWC: #AlgarveCup ☑️
#CyprusCup ☑️
#SheBelievesCup ☑️
#PinatarCup ☑️
#TournoiDeFrance ☑️
#TurkishWomensCup ☑️

It's all happening in…",RT FIFAWWC AlgarveCup ☑️ CyprusCup ☑️ SheBelievesCup ☑️ PinatarCup ☑️ TournoiDeFrance ☑️ TurkishWomensCup ☑️ It 's happening in…,"Sentiment(polarity=0.0, subjectivity=0.0)",0.0,0.0,en,0,79,aj_delamancha,,"AlgarveCup, CyprusCup, SheBelievesCup, PinatarCup, TournoiDeFrance, TurkishWomensCup",FIFAWWC,"traveling, knowing somewhere..",
1235197676922298374,Wed Mar 04 13:37:29 +0000 2020,"<a href=""http://twitter.com/download/iphone"" rel=""nofollow"">Twitter for iPhone</a>","RT @FIFAWWC: #AlgarveCup ☑️
#CyprusCup ☑️
#SheBelievesCup ☑️
#PinatarCup ☑️
#TournoiDeFrance ☑️
#TurkishWomensCup ☑️

It's all happening in…",RT FIFAWWC AlgarveCup ☑️ CyprusCup ☑️ SheBelievesCup ☑️ PinatarCup ☑️ TournoiDeFrance ☑️ TurkishWomensCup ☑️ It 's happening in…,"Sentiment(polarity=0.0, subjectivity=0.0)",0.0,0.0,en,0,79,BassoHannah,,"AlgarveCup, CyprusCup, SheBelievesCup, PinatarCup, TournoiDeFrance, TurkishWomensCup",FIFAWWC,"Texas, USA",
1235196464198021120,Wed Mar 04 13:32:40 +0000 2020,"<a href=""http://twitter.com/download/android"" rel=""nofollow"">Twitter for Android</a>","RT @FIFAWWC: #AlgarveCup ☑️
#CyprusCup ☑️
#SheBelievesCup ☑️
#PinatarCup ☑️
#TournoiDeFrance ☑️
#TurkishWomensCup ☑️

It's all happening in…",RT FIFAWWC AlgarveCup ☑️ CyprusCup ☑️ SheBelievesCup ☑️ PinatarCup ☑️ TournoiDeFrance ☑️ TurkishWomensCup ☑️ It 's happening in…,"Sentiment(polarity=0.0, subjectivity=0.0)",0.0,0.0,en,0,79,AngieAsante,,"AlgarveCup, CyprusCup, SheBelievesCup, PinatarCup, TournoiDeFrance, TurkishWomensCup",FIFAWWC,Ghana,
1235196015306735617,Wed Mar 04 13:30:53 +0000 2020,"<a href=""http://twitter.com/download/iphone"" rel=""nofollow"">Twitter for iPhone</a>","RT @FIFAWWC: #AlgarveCup ☑️
#CyprusCup ☑️
#SheBelievesCup ☑️
#PinatarCup ☑️
#TournoiDeFrance ☑️
#TurkishWomensCup ☑️

It's all happening in…",RT FIFAWWC AlgarveCup ☑️ CyprusCup ☑️ SheBelievesCup ☑️ PinatarCup ☑️ TournoiDeFrance ☑️ TurkishWomensCup ☑️ It 's happening in…,"Sentiment(polarity=0.0, subjectivity=0.0)",0.0,0.0,en,0,79,MMEByrne,,"AlgarveCup, CyprusCup, SheBelievesCup, PinatarCup, TournoiDeFrance, TurkishWomensCup",FIFAWWC,"Champaign, Illinois",
1235194474877407232,Wed Mar 04 13:24:46 +0000 2020,"<a href=""http://twitter.com/download/android"" rel=""nofollow"">Twitter for Android</a>","RT @FIFAWWC: #AlgarveCup ☑️
#CyprusCup ☑️
#SheBelievesCup ☑️
#PinatarCup ☑️
#TournoiDeFrance ☑️
#TurkishWomensCup ☑️

It's all happening in…",RT FIFAWWC AlgarveCup ☑️ CyprusCup ☑️ SheBelievesCup ☑️ PinatarCup ☑️ TournoiDeFrance ☑️ TurkishWomensCup ☑️ It 's happening in…,"Sentiment(polarity=0.0, subjectivity=0.0)",0.0,0.0,en,0,79,Bajansoya,,"AlgarveCup, CyprusCup, SheBelievesCup, PinatarCup, TournoiDeFrance, TurkishWomensCup",FIFAWWC,,
1235194019837349888,Wed Mar 04 13:22:57 +0000 2020,"<a href=""http://twitter.com/download/iphone"" rel=""nofollow"">Twitter for iPhone</a>","RT @FIFAWWC: #AlgarveCup ☑️
#CyprusCup ☑️
#SheBelievesCup ☑️
#PinatarCup ☑️
#TournoiDeFrance ☑️
#TurkishWomensCup ☑️

It's all happening in…",RT FIFAWWC AlgarveCup ☑️ CyprusCup ☑️ SheBelievesCup ☑️ PinatarCup ☑️ TournoiDeFrance ☑️ TurkishWomensCup ☑️ It 's happening in…,"Sentiment(polarity=0.0, subjectivity=0.0)",0.0,0.0,en,0,79,mgonze,,"AlgarveCup, CyprusCup, SheBelievesCup, PinatarCup, TournoiDeFrance, TurkishWomensCup",FIFAWWC,"Nuevo León, México",
1235193755088674816,Wed Mar 04 13:21:54 +0000 2020,"<a href=""http://twitter.com/download/iphone"" rel=""nofollow"">Twitter for iPhone</a>","RT @FIFAWWC: #AlgarveCup ☑️
#CyprusCup ☑️
#SheBelievesCup ☑️
#PinatarCup ☑️
#TournoiDeFrance ☑️
#TurkishWomensCup ☑️

It's all happening in…",RT FIFAWWC AlgarveCup ☑️ CyprusCup ☑️ SheBelievesCup ☑️ PinatarCup ☑️ TournoiDeFrance ☑️ TurkishWomensCup ☑️ It 's happening in…,"Sentiment(polarity=0.0, subjectivity=0.0)",0.0,0.0,en,0,79,juhishah11,,"AlgarveCup, CyprusCup, SheBelievesCup, PinatarCup, TournoiDeFrance, TurkishWomensCup",FIFAWWC,"New York, USA",
1235192709641535488,Wed Mar 04 13:17:45 +0000 2020,"<a href=""https://mobile.twitter.com"" rel=""nofollow"">Twitter Web App</a>","RT @FIFAWWC: #AlgarveCup ☑️
#CyprusCup ☑️
#SheBelievesCup ☑️
#PinatarCup ☑️
#TournoiDeFrance ☑️
#TurkishWomensCup ☑️

It's all happening in…",RT FIFAWWC AlgarveCup ☑️ CyprusCup ☑️ SheBelievesCup ☑️ PinatarCup ☑️ TournoiDeFrance ☑️ TurkishWomensCup ☑️ It 's happening in…,"Sentiment(polarity=0.0, subjectivity=0.0)",0.0,0.0,en,0,79,Cattenaro,,"AlgarveCup, CyprusCup, SheBelievesCup, PinatarCup, TournoiDeFrance, TurkishWomensCup",FIFAWWC,,
1235189282756755457,Wed Mar 04 13:04:08 +0000 2020,"<a href=""http://twitter.com/download/iphone"" rel=""nofollow"">Twitter for iPhone</a>","RT @FIFAWWC: #AlgarveCup ☑️
#CyprusCup ☑️
#SheBelievesCup ☑️
#PinatarCup ☑️
#TournoiDeFrance ☑️
#TurkishWomensCup ☑️

It's all happening in…",RT FIFAWWC AlgarveCup ☑️ CyprusCup ☑️ SheBelievesCup ☑️ PinatarCup ☑️ TournoiDeFrance ☑️ TurkishWomensCup ☑️ It 's happening in…,"Sentiment(polarity=0.0, subjectivity=0.0)",0.0,0.0,en,0,79,MNaz98,,"AlgarveCup, CyprusCup, SheBelievesCup, PinatarCup, TournoiDeFrance, TurkishWomensCup",FIFAWWC,"London, England",
1235189224644718592,Wed Mar 04 13:03:54 +0000 2020,"<a href=""http://twitter.com/download/android"" rel=""nofollow"">Twitter for Android</a>","RT @FIFAWWC: #AlgarveCup ☑️
#CyprusCup ☑️
#SheBelievesCup ☑️
#PinatarCup ☑️
#TournoiDeFrance ☑️
#TurkishWomensCup ☑️

It's all happening in…",RT FIFAWWC AlgarveCup ☑️ CyprusCup ☑️ SheBelievesCup ☑️ PinatarCup ☑️ TournoiDeFrance ☑️ TurkishWomensCup ☑️ It 's happening in…,"Sentiment(polarity=0.0, subjectivity=0.0)",0.0,0.0,en,0,79,ZubietaNerea,,"AlgarveCup, CyprusCup, SheBelievesCup, PinatarCup, TournoiDeFrance, TurkishWomensCup",FIFAWWC,"Lekunberri, España",
1235189009640501248,Wed Mar 04 13:03:03 +0000 2020,"<a href=""http://twitter.com/download/android"" rel=""nofollow"">Twitter for Android</a>","RT @FIFAWWC: #AlgarveCup ☑️
#CyprusCup ☑️
#SheBelievesCup ☑️
#PinatarCup ☑️
#TournoiDeFrance ☑️
#TurkishWomensCup ☑️

It's all happening in…",RT FIFAWWC AlgarveCup ☑️ CyprusCup ☑️ SheBelievesCup ☑️ PinatarCup ☑️ TournoiDeFrance ☑️ TurkishWomensCup ☑️ It 's happening in…,"Sentiment(polarity=0.0, subjectivity=0.0)",0.0,0.0,en,0,79,_shireenahmed_,,"AlgarveCup, CyprusCup, SheBelievesCup, PinatarCup, TournoiDeFrance, TurkishWomensCup",FIFAWWC,Turtle Island,
1235188651849637888,Wed Mar 04 13:01:37 +0000 2020,"<a href=""http://twitter.com/download/iphone"" rel=""nofollow"">Twitter for iPhone</a>","RT @FIFAWWC: #AlgarveCup ☑️
#CyprusCup ☑️
#SheBelievesCup ☑️
#PinatarCup ☑️
#TournoiDeFrance ☑️
#TurkishWomensCup ☑️

It's all happening in…",RT FIFAWWC AlgarveCup ☑️ CyprusCup ☑️ SheBelievesCup ☑️ PinatarCup ☑️ TournoiDeFrance ☑️ TurkishWomensCup ☑️ It 's happening in…,"Sentiment(polarity=0.0, subjectivity=0.0)",0.0,0.0,en,0,79,Tarahthekidd,,"AlgarveCup, CyprusCup, SheBelievesCup, PinatarCup, TournoiDeFrance, TurkishWomensCup",FIFAWWC,"Land O' Lakes, FL",
1235188527274610693,Wed Mar 04 13:01:08 +0000 2020,"<a href=""http://twitter.com/download/android"" rel=""nofollow"">Twitter for Android</a>","RT @FIFAWWC: #AlgarveCup ☑️
#CyprusCup ☑️
#SheBelievesCup ☑️
#PinatarCup ☑️
#TournoiDeFrance ☑️
#TurkishWomensCup ☑️

It's all happening in…",RT FIFAWWC AlgarveCup ☑️ CyprusCup ☑️ SheBelievesCup ☑️ PinatarCup ☑️ TournoiDeFrance ☑️ TurkishWomensCup ☑️ It 's happening in…,"Sentiment(polarity=0.0, subjectivity=0.0)",0.0,0.0,en,0,79,TXWoodsCFC,,"AlgarveCup, CyprusCup, SheBelievesCup, PinatarCup, TournoiDeFrance, TurkishWomensCup",FIFAWWC,"The Woodlands, TX USA",
1235184830222135298,Wed Mar 04 12:46:26 +0000 2020,"<a href=""http://twitter.com/download/iphone"" rel=""nofollow"">Twitter for iPhone</a>","RT @FIFAWWC: #AlgarveCup ☑️
#CyprusCup ☑️
#SheBelievesCup ☑️
#PinatarCup ☑️
#TournoiDeFrance ☑️
#TurkishWomensCup ☑️

It's all happening in…",RT FIFAWWC AlgarveCup ☑️ CyprusCup ☑️ SheBelievesCup ☑️ PinatarCup ☑️ TournoiDeFrance ☑️ TurkishWomensCup ☑️ It 's happening in…,"Sentiment(polarity=0.0, subjectivity=0.0)",0.0,0.0,en,0,79,ewscase,,"AlgarveCup, CyprusCup, SheBelievesCup, PinatarCup, TournoiDeFrance, TurkishWomensCup",FIFAWWC,Morecambe,
1235182119745458176,Wed Mar 04 12:35:40 +0000 2020,"<a href=""https://mobile.twitter.com"" rel=""nofollow"">Twitter Web App</a>","RT @FIFAWWC: #AlgarveCup ☑️
#CyprusCup ☑️
#SheBelievesCup ☑️
#PinatarCup ☑️
#TournoiDeFrance ☑️
#TurkishWomensCup ☑️

It's all happening in…",RT FIFAWWC AlgarveCup ☑️ CyprusCup ☑️ SheBelievesCup ☑️ PinatarCup ☑️ TournoiDeFrance ☑️ TurkishWomensCup ☑️ It 's happening in…,"Sentiment(polarity=0.0, subjectivity=0.0)",0.0,0.0,en,0,79,14akm21,,"AlgarveCup, CyprusCup, SheBelievesCup, PinatarCup, TournoiDeFrance, TurkishWomensCup",FIFAWWC,,
1235167246764437504,Wed Mar 04 11:36:34 +0000 2020,"<a href=""http://twitter.com/download/iphone"" rel=""nofollow"">Twitter for iPhone</a>","RT @FIFAWWC: #AlgarveCup ☑️
#CyprusCup ☑️
#SheBelievesCup ☑️
#PinatarCup ☑️
#TournoiDeFrance ☑️
#TurkishWomensCup ☑️

It's all happening in…",RT FIFAWWC AlgarveCup ☑️ CyprusCup ☑️ SheBelievesCup ☑️ PinatarCup ☑️ TournoiDeFrance ☑️ TurkishWomensCup ☑️ It 's happening in…,"Sentiment(polarity=0.0, subjectivity=0.0)",0.0,0.0,en,0,79,almaro_lu,,"AlgarveCup, CyprusCup, SheBelievesCup, PinatarCup, TournoiDeFrance, TurkishWomensCup",FIFAWWC,,
1235163260002934784,Wed Mar 04 11:20:44 +0000 2020,"<a href=""http://twitter.com/download/iphone"" rel=""nofollow"">Twitter for iPhone</a>","RT @FIFAWWC: #AlgarveCup ☑️
#CyprusCup ☑️
#SheBelievesCup ☑️
#PinatarCup ☑️
#TournoiDeFrance ☑️
#TurkishWomensCup ☑️

It's all happening in…",RT FIFAWWC AlgarveCup ☑️ CyprusCup ☑️ SheBelievesCup ☑️ PinatarCup ☑️ TournoiDeFrance ☑️ TurkishWomensCup ☑️ It 's happening in…,"Sentiment(polarity=0.0, subjectivity=0.0)",0.0,0.0,en,0,79,Loz8D,,"AlgarveCup, CyprusCup, SheBelievesCup, PinatarCup, TournoiDeFrance, TurkishWomensCup",FIFAWWC,"Johannesburg, South Africa",
1235161079547924480,Wed Mar 04 11:12:04 +0000 2020,"<a href=""https://mobile.twitter.com"" rel=""nofollow"">Twitter Web App</a>","RT @FIFAWWC: #AlgarveCup ☑️
#CyprusCup ☑️
#SheBelievesCup ☑️
#PinatarCup ☑️
#TournoiDeFrance ☑️
#TurkishWomensCup ☑️

It's all happening in…",RT FIFAWWC AlgarveCup ☑️ CyprusCup ☑️ SheBelievesCup ☑️ PinatarCup ☑️ TournoiDeFrance ☑️ TurkishWomensCup ☑️ It 's happening in…,"Sentiment(polarity=0.0, subjectivity=0.0)",0.0,0.0,en,0,79,nadj_maja,,"AlgarveCup, CyprusCup, SheBelievesCup, PinatarCup, TournoiDeFrance, TurkishWomensCup",FIFAWWC,,
1235157570400243713,Wed Mar 04 10:58:07 +0000 2020,"<a href=""http://twitter.com/download/iphone"" rel=""nofollow"">Twitter for iPhone</a>","RT @FIFAWWC: #AlgarveCup ☑️
#CyprusCup ☑️
#SheBelievesCup ☑️
#PinatarCup ☑️
#TournoiDeFrance ☑️
#TurkishWomensCup ☑️

It's all happening in…",RT FIFAWWC AlgarveCup ☑️ CyprusCup ☑️ SheBelievesCup ☑️ PinatarCup ☑️ TournoiDeFrance ☑️ TurkishWomensCup ☑️ It 's happening in…,"Sentiment(polarity=0.0, subjectivity=0.0)",0.0,0.0,en,0,79,julie_spielmann,,"AlgarveCup, CyprusCup, SheBelievesCup, PinatarCup, TournoiDeFrance, TurkishWomensCup",FIFAWWC,Switzerland,
1235151581613641729,Wed Mar 04 10:34:19 +0000 2020,"<a href=""http://twitter.com/download/iphone"" rel=""nofollow"">Twitter for iPhone</a>","RT @FIFAWWC: #AlgarveCup ☑️
#CyprusCup ☑️
#SheBelievesCup ☑️
#PinatarCup ☑️
#TournoiDeFrance ☑️
#TurkishWomensCup ☑️

It's all happening in…",RT FIFAWWC AlgarveCup ☑️ CyprusCup ☑️ SheBelievesCup ☑️ PinatarCup ☑️ TournoiDeFrance ☑️ TurkishWomensCup ☑️ It 's happening in…,"Sentiment(polarity=0.0, subjectivity=0.0)",0.0,0.0,en,0,79,fifamedia,,"AlgarveCup, CyprusCup, SheBelievesCup, PinatarCup, TournoiDeFrance, TurkishWomensCup",FIFAWWC,"Zurich, Switzerland",
1235149736652529664,Wed Mar 04 10:26:59 +0000 2020,"<a href=""http://twitter.com/download/iphone"" rel=""nofollow"">Twitter for iPhone</a>","RT @FIFAWWC: #AlgarveCup ☑️
#CyprusCup ☑️
#SheBelievesCup ☑️
#PinatarCup ☑️
#TournoiDeFrance ☑️
#TurkishWomensCup ☑️

It's all happening in…",RT FIFAWWC AlgarveCup ☑️ CyprusCup ☑️ SheBelievesCup ☑️ PinatarCup ☑️ TournoiDeFrance ☑️ TurkishWomensCup ☑️ It 's happening in…,"Sentiment(polarity=0.0, subjectivity=0.0)",0.0,0.0,en,0,79,ByrningBunny,,"AlgarveCup, CyprusCup, SheBelievesCup, PinatarCup, TournoiDeFrance, TurkishWomensCup",FIFAWWC,,
1235146594598531072,Wed Mar 04 10:14:30 +0000 2020,"<a href=""http://twitter.com/download/android"" rel=""nofollow"">Twitter for Android</a>","RT @FIFAWWC: #AlgarveCup ☑️
#CyprusCup ☑️
#SheBelievesCup ☑️
#PinatarCup ☑️
#TournoiDeFrance ☑️
#TurkishWomensCup ☑️

It's all happening in…",RT FIFAWWC AlgarveCup ☑️ CyprusCup ☑️ SheBelievesCup ☑️ PinatarCup ☑️ TournoiDeFrance ☑️ TurkishWomensCup ☑️ It 's happening in…,"Sentiment(polarity=0.0, subjectivity=0.0)",0.0,0.0,en,0,79,raniaisyahp,,"AlgarveCup, CyprusCup, SheBelievesCup, PinatarCup, TournoiDeFrance, TurkishWomensCup",FIFAWWC,Indonesia,
1235143925481914368,Wed Mar 04 10:03:54 +0000 2020,"<a href=""http://twitter.com/download/android"" rel=""nofollow"">Twitter for Android</a>","RT @FIFAWWC: #AlgarveCup ☑️
#CyprusCup ☑️
#SheBelievesCup ☑️
#PinatarCup ☑️
#TournoiDeFrance ☑️
#TurkishWomensCup ☑️

It's all happening in…",RT FIFAWWC AlgarveCup ☑️ CyprusCup ☑️ SheBelievesCup ☑️ PinatarCup ☑️ TournoiDeFrance ☑️ TurkishWomensCup ☑️ It 's happening in…,"Sentiment(polarity=0.0, subjectivity=0.0)",0.0,0.0,en,0,79,Kogel18,,"AlgarveCup, CyprusCup, SheBelievesCup, PinatarCup, TournoiDeFrance, TurkishWomensCup",FIFAWWC,Japan🇯🇵,
1235143359301332993,Wed Mar 04 10:01:39 +0000 2020,"<a href=""http://twitter.com/download/android"" rel=""nofollow"">Twitter for Android</a>","RT @FIFAWWC: #AlgarveCup ☑️
#CyprusCup ☑️
#SheBelievesCup ☑️
#PinatarCup ☑️
#TournoiDeFrance ☑️
#TurkishWomensCup ☑️

It's all happening in…",RT FIFAWWC AlgarveCup ☑️ CyprusCup ☑️ SheBelievesCup ☑️ PinatarCup ☑️ TournoiDeFrance ☑️ TurkishWomensCup ☑️ It 's happening in…,"Sentiment(polarity=0.0, subjectivity=0.0)",0.0,0.0,en,0,79,itsAgnesAmondi,,"AlgarveCup, CyprusCup, SheBelievesCup, PinatarCup, TournoiDeFrance, TurkishWomensCup",FIFAWWC,"Nairobi, Kenya ",
1235143199020257287,Wed Mar 04 10:01:01 +0000 2020,"<a href=""https://mobile.twitter.com"" rel=""nofollow"">Twitter Web App</a>","RT @FIFAWWC: #AlgarveCup ☑️
#CyprusCup ☑️
#SheBelievesCup ☑️
#PinatarCup ☑️
#TournoiDeFrance ☑️
#TurkishWomensCup ☑️

It's all happening in…",RT FIFAWWC AlgarveCup ☑️ CyprusCup ☑️ SheBelievesCup ☑️ PinatarCup ☑️ TournoiDeFrance ☑️ TurkishWomensCup ☑️ It 's happening in…,"Sentiment(polarity=0.0, subjectivity=0.0)",0.0,0.0,en,0,79,504Cristina,,"AlgarveCup, CyprusCup, SheBelievesCup, PinatarCup, TournoiDeFrance, TurkishWomensCup",FIFAWWC,"Brasília, Brasil",
1235142720458387456,Wed Mar 04 09:59:07 +0000 2020,"<a href=""http://twitter.com/download/android"" rel=""nofollow"">Twitter for Android</a>","RT @FIFAWWC: #AlgarveCup ☑️
#CyprusCup ☑️
#SheBelievesCup ☑️
#PinatarCup ☑️
#TournoiDeFrance ☑️
#TurkishWomensCup ☑️

It's all happening in…",RT FIFAWWC AlgarveCup ☑️ CyprusCup ☑️ SheBelievesCup ☑️ PinatarCup ☑️ TournoiDeFrance ☑️ TurkishWomensCup ☑️ It 's happening in…,"Sentiment(polarity=0.0, subjectivity=0.0)",0.0,0.0,en,0,79,kei_overlap,,"AlgarveCup, CyprusCup, SheBelievesCup, PinatarCup, TournoiDeFrance, TurkishWomensCup",FIFAWWC,,
1235142114083778561,Wed Mar 04 09:56:42 +0000 2020,"<a href=""https://mobile.twitter.com"" rel=""nofollow"">Twitter Web App</a>","RT @FIFAWWC: #AlgarveCup ☑️
#CyprusCup ☑️
#SheBelievesCup ☑️
#PinatarCup ☑️
#TournoiDeFrance ☑️
#TurkishWomensCup ☑️

It's all happening in…",RT FIFAWWC AlgarveCup ☑️ CyprusCup ☑️ SheBelievesCup ☑️ PinatarCup ☑️ TournoiDeFrance ☑️ TurkishWomensCup ☑️ It 's happening in…,"Sentiment(polarity=0.0, subjectivity=0.0)",0.0,0.0,en,0,79,Mivaroee,,"AlgarveCup, CyprusCup, SheBelievesCup, PinatarCup, TournoiDeFrance, TurkishWomensCup",FIFAWWC,Chile,
1235141787741818880,Wed Mar 04 09:55:24 +0000 2020,"<a href=""https://mobile.twitter.com"" rel=""nofollow"">Twitter Web App</a>","RT @FIFAWWC: #AlgarveCup ☑️
#CyprusCup ☑️
#SheBelievesCup ☑️
#PinatarCup ☑️
#TournoiDeFrance ☑️
#TurkishWomensCup ☑️

It's all happening in…",RT FIFAWWC AlgarveCup ☑️ CyprusCup ☑️ SheBelievesCup ☑️ PinatarCup ☑️ TournoiDeFrance ☑️ TurkishWomensCup ☑️ It 's happening in…,"Sentiment(polarity=0.0, subjectivity=0.0)",0.0,0.0,en,0,79,Get247Sport,,"AlgarveCup, CyprusCup, SheBelievesCup, PinatarCup, TournoiDeFrance, TurkishWomensCup",FIFAWWC,"Lagos, Nigeria",
1235141769773318145,Wed Mar 04 09:55:20 +0000 2020,"<a href=""http://twitter.com/download/iphone"" rel=""nofollow"">Twitter for iPhone</a>","RT @FIFAWWC: #AlgarveCup ☑️
#CyprusCup ☑️
#SheBelievesCup ☑️
#PinatarCup ☑️
#TournoiDeFrance ☑️
#TurkishWomensCup ☑️

It's all happening in…",RT FIFAWWC AlgarveCup ☑️ CyprusCup ☑️ SheBelievesCup ☑️ PinatarCup ☑️ TournoiDeFrance ☑️ TurkishWomensCup ☑️ It 's happening in…,"Sentiment(polarity=0.0, subjectivity=0.0)",0.0,0.0,en,0,79,mandas_kicks,,"AlgarveCup, CyprusCup, SheBelievesCup, PinatarCup, TournoiDeFrance, TurkishWomensCup",FIFAWWC,"England, United Kingdom",
1235141749821050880,Wed Mar 04 09:55:15 +0000 2020,"<a href=""http://twitter.com/download/android"" rel=""nofollow"">Twitter for Android</a>","RT @FIFAWWC: #AlgarveCup ☑️
#CyprusCup ☑️
#SheBelievesCup ☑️
#PinatarCup ☑️
#TournoiDeFrance ☑️
#TurkishWomensCup ☑️

It's all happening in…",RT FIFAWWC AlgarveCup ☑️ CyprusCup ☑️ SheBelievesCup ☑️ PinatarCup ☑️ TournoiDeFrance ☑️ TurkishWomensCup ☑️ It 's happening in…,"Sentiment(polarity=0.0, subjectivity=0.0)",0.0,0.0,en,0,79,astridleyes,,"AlgarveCup, CyprusCup, SheBelievesCup, PinatarCup, TournoiDeFrance, TurkishWomensCup",FIFAWWC,Uruguay,
1235141723728334855,Wed Mar 04 09:55:09 +0000 2020,"<a href=""http://twitter.com/download/iphone"" rel=""nofollow"">Twitter for iPhone</a>","RT @FIFAWWC: #AlgarveCup ☑️
#CyprusCup ☑️
#SheBelievesCup ☑️
#PinatarCup ☑️
#TournoiDeFrance ☑️
#TurkishWomensCup ☑️

It's all happening in…",RT FIFAWWC AlgarveCup ☑️ CyprusCup ☑️ SheBelievesCup ☑️ PinatarCup ☑️ TournoiDeFrance ☑️ TurkishWomensCup ☑️ It 's happening in…,"Sentiment(polarity=0.0, subjectivity=0.0)",0.0,0.0,en,0,79,laurenkelly033,,"AlgarveCup, CyprusCup, SheBelievesCup, PinatarCup, TournoiDeFrance, TurkishWomensCup",FIFAWWC,,
1235141572511125504,Wed Mar 04 09:54:33 +0000 2020,"<a href=""http://twitter.com/download/android"" rel=""nofollow"">Twitter for Android</a>","RT @FIFAWWC: #AlgarveCup ☑️
#CyprusCup ☑️
#SheBelievesCup ☑️
#PinatarCup ☑️
#TournoiDeFrance ☑️
#TurkishWomensCup ☑️

It's all happening in…",RT FIFAWWC AlgarveCup ☑️ CyprusCup ☑️ SheBelievesCup ☑️ PinatarCup ☑️ TournoiDeFrance ☑️ TurkishWomensCup ☑️ It 's happening in…,"Sentiment(polarity=0.0, subjectivity=0.0)",0.0,0.0,en,0,79,DJSMOOK,,"AlgarveCup, CyprusCup, SheBelievesCup, PinatarCup, TournoiDeFrance, TurkishWomensCup",FIFAWWC,"Houston, TX",
1235141515820912640,Wed Mar 04 09:54:19 +0000 2020,"<a href=""http://twitter.com/download/iphone"" rel=""nofollow"">Twitter for iPhone</a>","RT @FIFAWWC: #AlgarveCup ☑️
#CyprusCup ☑️
#SheBelievesCup ☑️
#PinatarCup ☑️
#TournoiDeFrance ☑️
#TurkishWomensCup ☑️

It's all happening in…",RT FIFAWWC AlgarveCup ☑️ CyprusCup ☑️ SheBelievesCup ☑️ PinatarCup ☑️ TournoiDeFrance ☑️ TurkishWomensCup ☑️ It 's happening in…,"Sentiment(polarity=0.0, subjectivity=0.0)",0.0,0.0,en,0,79,JVWGirlsFootbal,,"AlgarveCup, CyprusCup, SheBelievesCup, PinatarCup, TournoiDeFrance, TurkishWomensCup",FIFAWWC,"Gauteng, South Africa",
1235141457629065216,Wed Mar 04 09:54:05 +0000 2020,"<a href=""http://twitter.com/download/android"" rel=""nofollow"">Twitter for Android</a>","RT @FIFAWWC: #AlgarveCup ☑️
#CyprusCup ☑️
#SheBelievesCup ☑️
#PinatarCup ☑️
#TournoiDeFrance ☑️
#TurkishWomensCup ☑️

It's all happening in…",RT FIFAWWC AlgarveCup ☑️ CyprusCup ☑️ SheBelievesCup ☑️ PinatarCup ☑️ TournoiDeFrance ☑️ TurkishWomensCup ☑️ It 's happening in…,"Sentiment(polarity=0.0, subjectivity=0.0)",0.0,0.0,en,0,79,Heppy88352085,,"AlgarveCup, CyprusCup, SheBelievesCup, PinatarCup, TournoiDeFrance, TurkishWomensCup",FIFAWWC,,
1235140824486285315,Wed Mar 04 09:51:35 +0000 2020,"<a href=""http://twitter.com/download/android"" rel=""nofollow"">Twitter for Android</a>","RT @FIFAWWC: #AlgarveCup ☑️
#CyprusCup ☑️
#SheBelievesCup ☑️
#PinatarCup ☑️
#TournoiDeFrance ☑️
#TurkishWomensCup ☑️

It's all happening in…",RT FIFAWWC AlgarveCup ☑️ CyprusCup ☑️ SheBelievesCup ☑️ PinatarCup ☑️ TournoiDeFrance ☑️ TurkishWomensCup ☑️ It 's happening in…,"Sentiment(polarity=0.0, subjectivity=0.0)",0.0,0.0,en,0,79,WomensFootbal15,,"AlgarveCup, CyprusCup, SheBelievesCup, PinatarCup, TournoiDeFrance, TurkishWomensCup",FIFAWWC,🌍,
1235140479907434496,Wed Mar 04 09:50:12 +0000 2020,"<a href=""https://mobile.twitter.com"" rel=""nofollow"">Twitter Web App</a>","RT @FIFAWWC: #AlgarveCup ☑️
#CyprusCup ☑️
#SheBelievesCup ☑️
#PinatarCup ☑️
#TournoiDeFrance ☑️
#TurkishWomensCup ☑️

It's all happening in…",RT FIFAWWC AlgarveCup ☑️ CyprusCup ☑️ SheBelievesCup ☑️ PinatarCup ☑️ TournoiDeFrance ☑️ TurkishWomensCup ☑️ It 's happening in…,"Sentiment(polarity=0.0, subjectivity=0.0)",0.0,0.0,en,0,79,kellmohara,,"AlgarveCup, CyprusCup, SheBelievesCup, PinatarCup, TournoiDeFrance, TurkishWomensCup",FIFAWWC,⭐️⭐️⭐️⭐️,
1235140108841603073,Wed Mar 04 09:48:44 +0000 2020,"<a href=""http://twitter.com/download/iphone"" rel=""nofollow"">Twitter for iPhone</a>","RT @FIFAWWC: #AlgarveCup ☑️
#CyprusCup ☑️
#SheBelievesCup ☑️
#PinatarCup ☑️
#TournoiDeFrance ☑️
#TurkishWomensCup ☑️

It's all happening in…",RT FIFAWWC AlgarveCup ☑️ CyprusCup ☑️ SheBelievesCup ☑️ PinatarCup ☑️ TournoiDeFrance ☑️ TurkishWomensCup ☑️ It 's happening in…,"Sentiment(polarity=0.0, subjectivity=0.0)",0.0,0.0,en,0,79,westhamaccount1,,"AlgarveCup, CyprusCup, SheBelievesCup, PinatarCup, TournoiDeFrance, TurkishWomensCup",FIFAWWC,,
1235140047533465600,Wed Mar 04 09:48:29 +0000 2020,"<a href=""http://twitter.com/download/android"" rel=""nofollow"">Twitter for Android</a>","RT @FIFAWWC: #AlgarveCup ☑️
#CyprusCup ☑️
#SheBelievesCup ☑️
#PinatarCup ☑️
#TournoiDeFrance ☑️
#TurkishWomensCup ☑️

It's all happening in…",RT FIFAWWC AlgarveCup ☑️ CyprusCup ☑️ SheBelievesCup ☑️ PinatarCup ☑️ TournoiDeFrance ☑️ TurkishWomensCup ☑️ It 's happening in…,"Sentiment(polarity=0.0, subjectivity=0.0)",0.0,0.0,en,0,79,Chibuogwu_N,,"AlgarveCup, CyprusCup, SheBelievesCup, PinatarCup, TournoiDeFrance, TurkishWomensCup",FIFAWWC,,
1235139595471384577,Wed Mar 04 09:46:42 +0000 2020,"<a href=""http://twitter.com/download/iphone"" rel=""nofollow"">Twitter for iPhone</a>","RT @FIFAWWC: #AlgarveCup ☑️
#CyprusCup ☑️
#SheBelievesCup ☑️
#PinatarCup ☑️
#TournoiDeFrance ☑️
#TurkishWomensCup ☑️

It's all happening in…",RT FIFAWWC AlgarveCup ☑️ CyprusCup ☑️ SheBelievesCup ☑️ PinatarCup ☑️ TournoiDeFrance ☑️ TurkishWomensCup ☑️ It 's happening in…,"Sentiment(polarity=0.0, subjectivity=0.0)",0.0,0.0,en,0,79,BelisaSorry,,"AlgarveCup, CyprusCup, SheBelievesCup, PinatarCup, TournoiDeFrance, TurkishWomensCup",FIFAWWC,Idhún,
1235139009615024128,Wed Mar 04 09:44:22 +0000 2020,"<a href=""http://twitter.com/download/android"" rel=""nofollow"">Twitter for Android</a>","RT @FIFAWWC: #AlgarveCup ☑️
#CyprusCup ☑️
#SheBelievesCup ☑️
#PinatarCup ☑️
#TournoiDeFrance ☑️
#TurkishWomensCup ☑️

It's all happening in…",RT FIFAWWC AlgarveCup ☑️ CyprusCup ☑️ SheBelievesCup ☑️ PinatarCup ☑️ TournoiDeFrance ☑️ TurkishWomensCup ☑️ It 's happening in…,"Sentiment(polarity=0.0, subjectivity=0.0)",0.0,0.0,en,0,79,alexlucas1993,,"AlgarveCup, CyprusCup, SheBelievesCup, PinatarCup, TournoiDeFrance, TurkishWomensCup",FIFAWWC,"Sydney, NSW, Australia",
1235138846158921729,Wed Mar 04 09:43:43 +0000 2020,"<a href=""http://twitter.com/download/android"" rel=""nofollow"">Twitter for Android</a>","RT @FIFAWWC: #AlgarveCup ☑️
#CyprusCup ☑️
#SheBelievesCup ☑️
#PinatarCup ☑️
#TournoiDeFrance ☑️
#TurkishWomensCup ☑️

It's all happening in…",RT FIFAWWC AlgarveCup ☑️ CyprusCup ☑️ SheBelievesCup ☑️ PinatarCup ☑️ TournoiDeFrance ☑️ TurkishWomensCup ☑️ It 's happening in…,"Sentiment(polarity=0.0, subjectivity=0.0)",0.0,0.0,en,0,79,Mizna_R,,"AlgarveCup, CyprusCup, SheBelievesCup, PinatarCup, TournoiDeFrance, TurkishWomensCup",FIFAWWC,,
1235138636762537984,Wed Mar 04 09:42:53 +0000 2020,"<a href=""https://mobile.twitter.com"" rel=""nofollow"">Twitter Web App</a>","RT @FIFAWWC: #AlgarveCup ☑️
#CyprusCup ☑️
#SheBelievesCup ☑️
#PinatarCup ☑️
#TournoiDeFrance ☑️
#TurkishWomensCup ☑️

It's all happening in…",RT FIFAWWC AlgarveCup ☑️ CyprusCup ☑️ SheBelievesCup ☑️ PinatarCup ☑️ TournoiDeFrance ☑️ TurkishWomensCup ☑️ It 's happening in…,"Sentiment(polarity=0.0, subjectivity=0.0)",0.0,0.0,en,0,79,FIFAcom,,"AlgarveCup, CyprusCup, SheBelievesCup, PinatarCup, TournoiDeFrance, TurkishWomensCup",FIFAWWC,,
1235138260780961792,Wed Mar 04 09:41:23 +0000 2020,"<a href=""https://ads-api.twitter.com"" rel=""nofollow"">Twitter for Advertisers</a>","#AlgarveCup ☑️
#CyprusCup ☑️
#SheBelievesCup ☑️
#PinatarCup ☑️
#TournoiDeFrance ☑️
#TurkishWomensCup ☑️

It's all h… https://t.co/RMh4rPcWyC",AlgarveCup ☑️ CyprusCup ☑️ SheBelievesCup ☑️ PinatarCup ☑️ TournoiDeFrance ☑️ TurkishWomensCup ☑️ It 's h… https //t.co/RMh4rPcWyC,"Sentiment(polarity=0.0, subjectivity=0.0)",0.0,0.0,en,462,79,FIFAWWC,,"AlgarveCup, CyprusCup, SheBelievesCup, PinatarCup, TournoiDeFrance, TurkishWomensCup",,,
